
start transaction;

delete from authority_menu where SYSTEM_ID = 14;

insert into AUTHORITY_MENU (menu_id, menu_name, parent_id, remark, menu_sort, menu_type, menu_isleaf, menu_flag, menu_level, system_id, menu_code) values (46, '零售-FAS', 1, null, 1, null, null, null, 2, 14, null);
insert into AUTHORITY_MENU (menu_id, menu_name, parent_id, remark, menu_sort, menu_type, menu_isleaf, menu_flag, menu_level, system_id, menu_code) values (64, '总部结算', 46, '', 1, null, null, null, null, 14, 30500000);
insert into AUTHORITY_MENU (menu_id, menu_name, parent_id, remark, menu_sort, menu_type, menu_isleaf, menu_flag, menu_level, system_id, menu_code) values (338, '基础数据设置', 46, '', 5, null, null, null, null, 14, 30100000);
insert into AUTHORITY_MENU (menu_id, menu_name, parent_id, remark, menu_sort, menu_type, menu_isleaf, menu_flag, menu_level, system_id, menu_code) values (339, '结算路径设置', 338, '', 2, null, null, null, null, 14, 30110000);
insert into AUTHORITY_MENU (menu_id, menu_name, parent_id, remark, menu_sort, menu_type, menu_isleaf, menu_flag, menu_level, system_id, menu_code) values (340, '成本与价格维护', 46, '', 4, null, null, null, null, 14, 30120000);
insert into AUTHORITY_MENU (menu_id, menu_name, parent_id, remark, menu_sort, menu_type, menu_isleaf, menu_flag, menu_level, system_id, menu_code) values (346, '存货成本核算', 340, '', 21, null, null, null, null, 14, 30120100);
insert into AUTHORITY_MENU (menu_id, menu_name, parent_id, remark, menu_sort, menu_type, menu_isleaf, menu_flag, menu_level, system_id, menu_code) values (347, '价格维护', 340, '', 22, null, null, null, null, 14, 30120200);
insert into AUTHORITY_MENU (menu_id, menu_name, parent_id, remark, menu_sort, menu_type, menu_isleaf, menu_flag, menu_level, system_id, menu_code) values (353, '基础设置', 338, '', 1, null, null, null, null, 14, 30120000);
insert into AUTHORITY_MENU (menu_id, menu_name, parent_id, remark, menu_sort, menu_type, menu_isleaf, menu_flag, menu_level, system_id, menu_code) values (7448, '地区结算', 46, '', 3, null, null, null, null, 14, 30510000);
insert into AUTHORITY_MENU (menu_id, menu_name, parent_id, remark, menu_sort, menu_type, menu_isleaf, menu_flag, menu_level, system_id, menu_code) values (7449, '总部发票', 64, '', 3, null, null, null, null, 14, 30500300);
insert into AUTHORITY_MENU (menu_id, menu_name, parent_id, remark, menu_sort, menu_type, menu_isleaf, menu_flag, menu_level, system_id, menu_code) values (7453, '总部应收', 64, '', 1, null, null, null, null, 14, 30500100);
insert into AUTHORITY_MENU (menu_id, menu_name, parent_id, remark, menu_sort, menu_type, menu_isleaf, menu_flag, menu_level, system_id, menu_code) values (7456, '地区应收', 7448, '', 1, null, null, null, null, 14, 30510100);
insert into AUTHORITY_MENU (menu_id, menu_name, parent_id, remark, menu_sort, menu_type, menu_isleaf, menu_flag, menu_level, system_id, menu_code) values (7457, '总部报表', 64, '', 4, null, null, null, null, 14, 30500400);
insert into AUTHORITY_MENU (menu_id, menu_name, parent_id, remark, menu_sort, menu_type, menu_isleaf, menu_flag, menu_level, system_id, menu_code) values (7468, '总部应付', 64, '', 2, null, null, null, null, 14, 30500200);
insert into AUTHORITY_MENU (menu_id, menu_name, parent_id, remark, menu_sort, menu_type, menu_isleaf, menu_flag, menu_level, system_id, menu_code) values (7473, '地区发票', 7448, '', 3, null, null, null, null, 14, 30510300);
insert into AUTHORITY_MENU (menu_id, menu_name, parent_id, remark, menu_sort, menu_type, menu_isleaf, menu_flag, menu_level, system_id, menu_code) values (7474, '地区报表', 7448, '', 4, null, null, null, null, 14, 30510400);
insert into AUTHORITY_MENU (menu_id, menu_name, parent_id, remark, menu_sort, menu_type, menu_isleaf, menu_flag, menu_level, system_id, menu_code) values (7475, '地区间结算（应收）', 7456, '', 3, null, null, null, null, 14, 30141000);
insert into AUTHORITY_MENU (menu_id, menu_name, parent_id, remark, menu_sort, menu_type, menu_isleaf, menu_flag, menu_level, system_id, menu_code) values (7483, '地区间结算（应付）', 7496, '', 7, null, null, null, null, 14, 30133000);
insert into AUTHORITY_MENU (menu_id, menu_name, parent_id, remark, menu_sort, menu_type, menu_isleaf, menu_flag, menu_level, system_id, menu_code) values (7488, '地区采购结算(总部统采)', 7496, '', 6, null, null, null, null, 14, 30132000);
insert into AUTHORITY_MENU (menu_id, menu_name, parent_id, remark, menu_sort, menu_type, menu_isleaf, menu_flag, menu_level, system_id, menu_code) values (7489, '内购结算', 7456, '', 6, null, null, null, null, 14, 30190000);
insert into AUTHORITY_MENU (menu_id, menu_name, parent_id, remark, menu_sort, menu_type, menu_isleaf, menu_flag, menu_level, system_id, menu_code) values (7490, '地区门店结算', 7456, '', 1, null, null, null, null, 14, 30150000);
insert into AUTHORITY_MENU (menu_id, menu_name, parent_id, remark, menu_sort, menu_type, menu_isleaf, menu_flag, menu_level, system_id, menu_code) values (7496, '地区应付', 7448, '', 2, null, null, null, null, 14, 30510200);
insert into AUTHORITY_MENU (menu_id, menu_name, parent_id, remark, menu_sort, menu_type, menu_isleaf, menu_flag, menu_level, system_id, menu_code) values (7498, '自收银管理', 7456, '', 2, null, null, null, null, 14, 30170000);
insert into AUTHORITY_MENU (menu_id, menu_name, parent_id, remark, menu_sort, menu_type, menu_isleaf, menu_flag, menu_level, system_id, menu_code) values (7499, '地区自购结算', 7496, '', 8, null, null, null, null, 14, 30134000);
insert into AUTHORITY_MENU (menu_id, menu_name, parent_id, remark, menu_sort, menu_type, menu_isleaf, menu_flag, menu_level, system_id, menu_code) values (7501, '总部地区结算(总部统采)', 7453, '', 3, null, null, null, null, 14, 30144500);
insert into AUTHORITY_MENU (menu_id, menu_name, parent_id, remark, menu_sort, menu_type, menu_isleaf, menu_flag, menu_level, system_id, menu_code) values (7503, '总部其他入库结算', 7468, '', 5, null, null, null, null, 14, 30130100);
insert into AUTHORITY_MENU (menu_id, menu_name, parent_id, remark, menu_sort, menu_type, menu_isleaf, menu_flag, menu_level, system_id, menu_code) values (7504, '地区其他出库结算', 7456, '', 4, null, null, null, null, 14, 30180000);
insert into AUTHORITY_MENU (menu_id, menu_name, parent_id, remark, menu_sort, menu_type, menu_isleaf, menu_flag, menu_level, system_id, menu_code) values (7516, '总部厂商结算', 7468, '', 1, null, null, null, null, 14, 30130000);
insert into AUTHORITY_MENU (menu_id, menu_name, parent_id, remark, menu_sort, menu_type, menu_isleaf, menu_flag, menu_level, system_id, menu_code) values (7519, '地区批发结算', 7456, '', 11, null, null, null, null, 14, 30166000);
insert into AUTHORITY_MENU (menu_id, menu_name, parent_id, remark, menu_sort, menu_type, menu_isleaf, menu_flag, menu_level, system_id, menu_code) values (10421, '总部代采结算', 46, '', 2, null, null, null, null, 14, 30520000);
insert into AUTHORITY_MENU (menu_id, menu_name, parent_id, remark, menu_sort, menu_type, menu_isleaf, menu_flag, menu_level, system_id, menu_code) values (10446, '总部代采购结算', 10456, '', 1, null, null, null, null, 14, 30520012);
insert into AUTHORITY_MENU (menu_id, menu_name, parent_id, remark, menu_sort, menu_type, menu_isleaf, menu_flag, menu_level, system_id, menu_code) values (10456, '代采应付', 10421, '', 1, null, null, null, null, 14, 30520011);
insert into AUTHORITY_MENU (menu_id, menu_name, parent_id, remark, menu_sort, menu_type, menu_isleaf, menu_flag, menu_level, system_id, menu_code) values (13827, '总部代采(YF)', 7496, '', 9, null, null, null, null, 14, 30160000);
insert into AUTHORITY_MENU (menu_id, menu_name, parent_id, remark, menu_sort, menu_type, menu_isleaf, menu_flag, menu_level, system_id, menu_code) values (19813, '门店结算设置', 7456, '', 1, null, null, null, null, 14, 30250000);

delete from AUTHORITY_MODULE where SYSTEM_ID = 14;

insert into AUTHORITY_MODULE (module_id, module_name, module_code, module_url, remark, module_sort, system_id) values (247, '科目设置', 30100001, 'base_setting/accounting_subject/list', '', 8, 14);
insert into AUTHORITY_MODULE (module_id, module_name, module_code, module_url, remark, module_sort, system_id) values (249, '供应商组设置', 30120011, 'supplier_group/list', '供应商组', 4, 14);
insert into AUTHORITY_MODULE (module_id, module_name, module_code, module_url, remark, module_sort, system_id) values (251, '辅助项目类型', 30100002, 'base_setting/assist_project_type/list', '', 9, 14);
insert into AUTHORITY_MODULE (module_id, module_name, module_code, module_url, remark, module_sort, system_id) values (252, '辅助项目', 30100003, 'base_setting/assist_project/list', '', 10, 14);
insert into AUTHORITY_MODULE (module_id, module_name, module_code, module_url, remark, module_sort, system_id) values (253, '成本核算', 30120001, 'item_cost/list', '单位成本维护', 3, 14);
insert into AUTHORITY_MODULE (module_id, module_name, module_code, module_url, remark, module_sort, system_id) values (255, '结账日设置', 30120003, 'company_settle_period/list', '', 1, 14);
insert into AUTHORITY_MODULE (module_id, module_name, module_code, module_url, remark, module_sort, system_id) values (257, '期间结存查询', 30120005, 'period_balance/list', '', 4, 14);
insert into AUTHORITY_MODULE (module_id, module_name, module_code, module_url, remark, module_sort, system_id) values (258, '公司账套维护', 30100004, 'base_setting/financial_account/list', '', 3, 14);
insert into AUTHORITY_MODULE (module_id, module_name, module_code, module_url, remark, module_sort, system_id) values (259, '总账费用类别', 30140001, 'cost_category/list', '', 1, 14);
insert into AUTHORITY_MODULE (module_id, module_name, module_code, module_url, remark, module_sort, system_id) values (260, '扣费类别', 30140002, 'mall_deduction_set/list', '', 2, 14);
insert into AUTHORITY_MODULE (module_id, module_name, module_code, module_url, remark, module_sort, system_id) values (261, '结算公司查询', 30100008, 'base_setting/company/list', null, 1, 14);
insert into AUTHORITY_MODULE (module_id, module_name, module_code, module_url, remark, module_sort, system_id) values (262, '费用管理', 30140003, 'bill_shop_balance_deduct/list', '', 3, 14);
insert into AUTHORITY_MODULE (module_id, module_name, module_code, module_url, remark, module_sort, system_id) values (263, 'GS01-结算日设置', 30140005, 'balance_date_type2/list_receivable.htm', '', 1, 14);
insert into AUTHORITY_MODULE (module_id, module_name, module_code, module_url, remark, module_sort, system_id) values (264, 'GS02-初始应收余额', 30140012, 'initial_amount_type2/list_receivable.htm', '', 2, 14);
insert into AUTHORITY_MODULE (module_id, module_name, module_code, module_url, remark, module_sort, system_id) values (265, 'GP-结算日设置', 30130001, 'balance_date_type1/list_payable.htm', '', 1, 14);
insert into AUTHORITY_MODULE (module_id, module_name, module_code, module_url, remark, module_sort, system_id) values (266, 'GP-初始应付余额', 30130002, 'initial_amount_type1/list_payable.htm', '', 2, 14);
insert into AUTHORITY_MODULE (module_id, module_name, module_code, module_url, remark, module_sort, system_id) values (267, '总部加价规则', 30120013, 'headquarter_price_rule/list', '总部加价规则', 2, 14);
insert into AUTHORITY_MODULE (module_id, module_name, module_code, module_url, remark, module_sort, system_id) values (268, '地区加价规则', 30120014, 'region_price_rule/list', '地区加价规则', 3, 14);
insert into AUTHORITY_MODULE (module_id, module_name, module_code, module_url, remark, module_sort, system_id) values (269, '总部价格维护', 30120015, 'headquarter_cost_maintain/list', '总部价格维护', 4, 14);
insert into AUTHORITY_MODULE (module_id, module_name, module_code, module_url, remark, module_sort, system_id) values (270, '地区价格维护', 30120016, 'region_cost_maintain/list', '地区价格维护', 5, 14);
insert into AUTHORITY_MODULE (module_id, module_name, module_code, module_url, remark, module_sort, system_id) values (271, '销售明细', 30140004, 'mall_shopsorderd/list', '', 2, 14);
insert into AUTHORITY_MODULE (module_id, module_name, module_code, module_url, remark, module_sort, system_id) values (272, '结算大类设置', 30111001, 'settle_category/list', '', 1, 14);
insert into AUTHORITY_MODULE (module_id, module_name, module_code, module_url, remark, module_sort, system_id) values (273, '销售汇总', 30140006, 'mall_shopsorderd/listSum', '', 8, 14);
insert into AUTHORITY_MODULE (module_id, module_name, module_code, module_url, remark, module_sort, system_id) values (274, '新旧款设置', 30112001, 'settle_new_style/list', '', 2, 14);
insert into AUTHORITY_MODULE (module_id, module_name, module_code, module_url, remark, module_sort, system_id) values (275, '品牌组设置', 30113001, 'settle_brand_group/list', '', 3, 14);
insert into AUTHORITY_MODULE (module_id, module_name, module_code, module_url, remark, module_sort, system_id) values (276, '结算路径设置', 30114001, 'settle_path/list', '', 5, 14);
insert into AUTHORITY_MODULE (module_id, module_name, module_code, module_url, remark, module_sort, system_id) values (277, '结算单MS', 30140007, 'mall_shopbalance/list', '', 4, 14);
insert into AUTHORITY_MODULE (module_id, module_name, module_code, module_url, remark, module_sort, system_id) values (282, '结算方式设置', 30100005, 'base_setting/settle_method/list', '', 13, 14);
insert into AUTHORITY_MODULE (module_id, module_name, module_code, module_url, remark, module_sort, system_id) values (283, '币种管理', 30100006, 'base_setting/currency_management/list', '', 5, 14);
insert into AUTHORITY_MODULE (module_id, module_name, module_code, module_url, remark, module_sort, system_id) values (284, '拆单日志查询', 30115001, 'bill_split_log/list', '', 6, 14);
insert into AUTHORITY_MODULE (module_id, module_name, module_code, module_url, remark, module_sort, system_id) values (285, '付款条款', 30100009, 'base_setting/payment_term/list', '', 12, 14);
insert into AUTHORITY_MODULE (module_id, module_name, module_code, module_url, remark, module_sort, system_id) values (286, '采购价目表查询', 30120010, 'factory_price_maintain/list', '采购价目表查询', 1, 14);
insert into AUTHORITY_MODULE (module_id, module_name, module_code, module_url, remark, module_sort, system_id) values (287, '凭证类型', 30100012, 'base_setting/voucher_type/list', '', 11, 14);
insert into AUTHORITY_MODULE (module_id, module_name, module_code, module_url, remark, module_sort, system_id) values (288, 'GP-结算单', 30130006, 'bill_balance/type1/buy_balance.htm?balanceType=1', '', 5, 14);
insert into AUTHORITY_MODULE (module_id, module_name, module_code, module_url, remark, module_sort, system_id) values (289, 'GP-结算单汇总表', 30130007, 'bill_balance/type1_gather/buy_list_gather.htm', '', 6, 14);
insert into AUTHORITY_MODULE (module_id, module_name, module_code, module_url, remark, module_sort, system_id) values (290, 'GP-入库明细表', 30130005, 'bill_balance/type1_detial/buy_list_enter.htm', '', 4, 14);
insert into AUTHORITY_MODULE (module_id, module_name, module_code, module_url, remark, module_sort, system_id) values (291, '开票信息维护', 30100013, 'base_setting/invoice_info_set/list', '', 4, 14);
insert into AUTHORITY_MODULE (module_id, module_name, module_code, module_url, remark, module_sort, system_id) values (292, '差异类型', 301400011, 'mall_shopbalancedifftype/list', '', 3, 14);
insert into AUTHORITY_MODULE (module_id, module_name, module_code, module_url, remark, module_sort, system_id) values (293, '发票模板', 30140009, 'invoice_template_set/list', '', 5, 14);
insert into AUTHORITY_MODULE (module_id, module_name, module_code, module_url, remark, module_sort, system_id) values (296, '收款回款拆分', 30140013, 'bill_backsection_split/list', '', 7, 14);
insert into AUTHORITY_MODULE (module_id, module_name, module_code, module_url, remark, module_sort, system_id) values (297, 'GS11-采购入库明细表', 30132001, 'bill_balance/type4_detail/area_list_enter.htm', '', 1, 14);
insert into AUTHORITY_MODULE (module_id, module_name, module_code, module_url, remark, module_sort, system_id) values (298, 'RR11-调拨明细表', 30132002, 'area_among_transfer/transfer?atoa=yf', '', 1, 14);
insert into AUTHORITY_MODULE (module_id, module_name, module_code, module_url, remark, module_sort, system_id) values (299, 'RP-入库明细表', 30134001, 'area_private_purchase/purchase_in_list', '', 2, 14);
insert into AUTHORITY_MODULE (module_id, module_name, module_code, module_url, remark, module_sort, system_id) values (300, 'GS12-采购入库汇总表', 30132005, 'bill_balance/type4_gather/area_list_gather.htm', '', 2, 14);
insert into AUTHORITY_MODULE (module_id, module_name, module_code, module_url, remark, module_sort, system_id) values (303, 'RR03-结算单', 30133003, 'area_among_balance/balance_bill', '', 3, 14);
insert into AUTHORITY_MODULE (module_id, module_name, module_code, module_url, remark, module_sort, system_id) values (304, 'GP-其他扣项', 30130003, 'other_deduction_type1/list.htm?balanceType=1', '', 3, 14);
insert into AUTHORITY_MODULE (module_id, module_name, module_code, module_url, remark, module_sort, system_id) values (305, '加价规则匹配异常', 30120021, 'rule_match_fail/list', '', 6, 14);
insert into AUTHORITY_MODULE (module_id, module_name, module_code, module_url, remark, module_sort, system_id) values (306, 'GS03-出库明细表', 30140020, 'bill_balance/type2_detial/sale_list_out.htm', '', 3, 14);
insert into AUTHORITY_MODULE (module_id, module_name, module_code, module_url, remark, module_sort, system_id) values (307, 'GS04-结算单', 30140021, 'bill_balance/type2/sale_balance.htm?balanceType=2', '', 4, 14);
insert into AUTHORITY_MODULE (module_id, module_name, module_code, module_url, remark, module_sort, system_id) values (308, 'GS05-结算单汇总表', 30140022, 'bill_balance/type2_gather/sale_list_gather.htm', '', 5, 14);
insert into AUTHORITY_MODULE (module_id, module_name, module_code, module_url, remark, module_sort, system_id) values (310, '成本异常单据查询', 30120022, 'cost_exception_bill/list', '', 6, 14);
insert into AUTHORITY_MODULE (module_id, module_name, module_code, module_url, remark, module_sort, system_id) values (311, 'RS-收款条款', 30160001, 'wholesale_rece_term/list?balanceType=7', '', 1, 14);
insert into AUTHORITY_MODULE (module_id, module_name, module_code, module_url, remark, module_sort, system_id) values (313, 'RS-批发销售明细表', 30160011, 'bill_balance_zone_detail/listBillDtl?balanceType=7', '', 6, 14);
insert into AUTHORITY_MODULE (module_id, module_name, module_code, module_url, remark, module_sort, system_id) values (315, 'RS-结算单', 30160013, 'bill_balance_zone/list?balanceType=7', '', 5, 14);
insert into AUTHORITY_MODULE (module_id, module_name, module_code, module_url, remark, module_sort, system_id) values (317, 'RO11-入库明细表', 30170001, 'hq_other_stock_in_dtl/other_in', '', 1, 14);
insert into AUTHORITY_MODULE (module_id, module_name, module_code, module_url, remark, module_sort, system_id) values (320, '拆单数据源查询', 30116001, 'split_data_source/list', '', 6, 14);
insert into AUTHORITY_MODULE (module_id, module_name, module_code, module_url, remark, module_sort, system_id) values (321, 'RO01-出库明细表', 30180010, 'other_stock_out_dtl/other_out', '', 1, 14);
insert into AUTHORITY_MODULE (module_id, module_name, module_code, module_url, remark, module_sort, system_id) values (322, 'RO02-结算单', 30180020, 'area_other_stock_out_balance/balance_bill', '', 2, 14);
insert into AUTHORITY_MODULE (module_id, module_name, module_code, module_url, remark, module_sort, system_id) values (326, 'RS-收款单', 30160006, 'bill_pre_payment_nt/list?balanceType=7', '', 3, 14);
insert into AUTHORITY_MODULE (module_id, module_name, module_code, module_url, remark, module_sort, system_id) values (327, 'RS-客户保证金预收款预警', 30160007, 'wholesale_prepay_warn/list?balanceType=7', '', 4, 14);
insert into AUTHORITY_MODULE (module_id, module_name, module_code, module_url, remark, module_sort, system_id) values (329, 'RP-结算单', 30134003, 'area_private_purchase_balance/balance_bill', '', 3, 14);
insert into AUTHORITY_MODULE (module_id, module_name, module_code, module_url, remark, module_sort, system_id) values (332, '预收款单(DT)', 30190010, 'groupon_prepayment/list', '', 1, 14);
insert into AUTHORITY_MODULE (module_id, module_name, module_code, module_url, remark, module_sort, system_id) values (333, '团购活动跟踪(DT)', 30190050, 'groupon_summary/list', '', 2, 14);
insert into AUTHORITY_MODULE (module_id, module_name, module_code, module_url, remark, module_sort, system_id) values (334, '批发销售明细表', 30160008, 'bill_sale_out_dtl/list', '', 8, 14);
insert into AUTHORITY_MODULE (module_id, module_name, module_code, module_url, remark, module_sort, system_id) values (335, '店铺信息管理', 30170002, 'self_shop_bank_info/list', '', 1, 14);
insert into AUTHORITY_MODULE (module_id, module_name, module_code, module_url, remark, module_sort, system_id) values (336, '店铺日报表', 30170003, 'self_shop_day_report/list', '', 2, 14);
insert into AUTHORITY_MODULE (module_id, module_name, module_code, module_url, remark, module_sort, system_id) values (337, '银联交易明细', 30170006, 'self_shop_credit_card_deal_dtl/list', '', 10, 14);
insert into AUTHORITY_MODULE (module_id, module_name, module_code, module_url, remark, module_sort, system_id) values (340, '现金存入明细', 30170005, 'cash_transaction_dtl/list', '', 6, 14);
insert into AUTHORITY_MODULE (module_id, module_name, module_code, module_url, remark, module_sort, system_id) values (341, '现金存现核对', 30170007, 'cash_check/list', '', 8, 14);
insert into AUTHORITY_MODULE (module_id, module_name, module_code, module_url, remark, module_sort, system_id) values (342, '银联交易核对', 30170008, 'credit_card_check/list', '', 9, 14);
insert into AUTHORITY_MODULE (module_id, module_name, module_code, module_url, remark, module_sort, system_id) values (343, '结算期管理', 3140000, 'shop_balance_date/list', '', 1, 14);
insert into AUTHORITY_MODULE (module_id, module_name, module_code, module_url, remark, module_sort, system_id) values (350, '订货单位查询', 30100007, 'order_unit/list', '', 2, 14);
insert into AUTHORITY_MODULE (module_id, module_name, module_code, module_url, remark, module_sort, system_id) values (394, 'RS-客户-收款条款', 301600020, 'customer_rece_rel/list?balanceType=7', '', 2, 14);
insert into AUTHORITY_MODULE (module_id, module_name, module_code, module_url, remark, module_sort, system_id) values (436, 'RP-其他扣项', 30134004, 'other_deduction/area_purchase/list.htm?balanceType=6', '', 1, 14);
insert into AUTHORITY_MODULE (module_id, module_name, module_code, module_url, remark, module_sort, system_id) values (442, 'RR02-调拨明细表', 30133006, 'area_among_transfer/transfer?atoa=ys', '', 2, 14);
insert into AUTHORITY_MODULE (module_id, module_name, module_code, module_url, remark, module_sort, system_id) values (443, 'HQ-发票登记', 30140030, 'invoice_register/hq/listInvoiceRegister?isHQ=true', '', 5, 14);
insert into AUTHORITY_MODULE (module_id, module_name, module_code, module_url, remark, module_sort, system_id) values (444, 'HQ-开票申请', 30140031, 'invoice_apply/hq/bill_balance_invoice_apply?isHQ=true', '', 4, 14);
insert into AUTHORITY_MODULE (module_id, module_name, module_code, module_url, remark, module_sort, system_id) values (447, '刷卡统计', 30170012, 'credit_card_census/creditCard_init', '', 12, 14);
insert into AUTHORITY_MODULE (module_id, module_name, module_code, module_url, remark, module_sort, system_id) values (448, '店铺销售明细', 30170013, 'shop_sale_detail/list', '', 4, 14);
insert into AUTHORITY_MODULE (module_id, module_name, module_code, module_url, remark, module_sort, system_id) values (449, '内购明细/汇总', 30190020, 'groupon_dtl/list', '', 2, 14);
insert into AUTHORITY_MODULE (module_id, module_name, module_code, module_url, remark, module_sort, system_id) values (490, 'AREA-到票确认', 30180001, 'invoice_confirm/area/list?sign=area', '', 7, 14);
insert into AUTHORITY_MODULE (module_id, module_name, module_code, module_url, remark, module_sort, system_id) values (498, 'HQ-请款单', 30300001, 'bill_ask_payment/hq/list.htm?isHQ=true', '', 1, 14);
insert into AUTHORITY_MODULE (module_id, module_name, module_code, module_url, remark, module_sort, system_id) values (499, 'HQ-采购发票', 30300002, 'bill_invoice/hq/list.htm?isHQ=true', '', 2, 14);
insert into AUTHORITY_MODULE (module_id, module_name, module_code, module_url, remark, module_sort, system_id) values (500, 'HQ-付款单', 30300003, 'bill_payment/hq/list.htm?isHQ=true', '', 3, 14);
insert into AUTHORITY_MODULE (module_id, module_name, module_code, module_url, remark, module_sort, system_id) values (556, '退款汇总表', 30170018, 'item_return/list', '', 11, 14);
insert into AUTHORITY_MODULE (module_id, module_name, module_code, module_url, remark, module_sort, system_id) values (557, '财务大类设置', 30100014, 'financial_category/list', '', 6, 14);
insert into AUTHORITY_MODULE (module_id, module_name, module_code, module_url, remark, module_sort, system_id) values (558, '商场门店收款日报表', 30140018, 'bill_shop_balance_daysale_sum/list', '', 8, 14);
insert into AUTHORITY_MODULE (module_id, module_name, module_code, module_url, remark, module_sort, system_id) values (561, '结算单差异查询', 30140014, 'bill_shop_balance_diff/list', '', 5, 14);
insert into AUTHORITY_MODULE (module_id, module_name, module_code, module_url, remark, module_sort, system_id) values (565, '结算差异方式设置', 30140016, 'bill_shop_balance_set/list', '', 4, 14);
insert into AUTHORITY_MODULE (module_id, module_name, module_code, module_url, remark, module_sort, system_id) values (566, 'AREA-付款单', 30300004, 'bill_payment/area/list.htm', '', 3, 14);
insert into AUTHORITY_MODULE (module_id, module_name, module_code, module_url, remark, module_sort, system_id) values (567, 'AREA-请款单', 30300009, 'bill_ask_payment/area/list.htm', '', 1, 14);
insert into AUTHORITY_MODULE (module_id, module_name, module_code, module_url, remark, module_sort, system_id) values (568, 'AREA-采购发票', 30300008, 'bill_invoice/area/list.htm', '', 2, 14);
insert into AUTHORITY_MODULE (module_id, module_name, module_code, module_url, remark, module_sort, system_id) values (572, 'AREA-发票登记', 30300005, 'invoice_register/area/listInvoiceRegister', '', 6, 14);
insert into AUTHORITY_MODULE (module_id, module_name, module_code, module_url, remark, module_sort, system_id) values (573, 'AREA-开票申请', 30300011, 'invoice_apply/area/bill_balance_invoice_apply', '', 5, 14);
insert into AUTHORITY_MODULE (module_id, module_name, module_code, module_url, remark, module_sort, system_id) values (575, '总部地区明细对账表', 30500401, 'hq_area_reconciliation_dtl/reconciliation_list', '', 1, 14);
insert into AUTHORITY_MODULE (module_id, module_name, module_code, module_url, remark, module_sort, system_id) values (576, 'HQ-到票确认', 30180002, 'invoice_confirm/hq/list?sign=hq', '', 6, 14);
insert into AUTHORITY_MODULE (module_id, module_name, module_code, module_url, remark, module_sort, system_id) values (577, 'RR12-结算单确认', 30132003, 'area_among_pay/payment_bill', '', 2, 14);
insert into AUTHORITY_MODULE (module_id, module_name, module_code, module_url, remark, module_sort, system_id) values (578, 'RO12-结算单确认', 30170004, 'hq_other_stock_in_balance/balance_bill', '', 2, 14);
insert into AUTHORITY_MODULE (module_id, module_name, module_code, module_url, remark, module_sort, system_id) values (579, 'GS13-结算单确认', 30132009, 'bill_balance/type4/sale_balance.htm?isArea=true', '', 3, 14);
insert into AUTHORITY_MODULE (module_id, module_name, module_code, module_url, remark, module_sort, system_id) values (583, '店铺开票规则', 30100015, 'shop_group/list.htm', '', 6, 14);
insert into AUTHORITY_MODULE (module_id, module_name, module_code, module_url, remark, module_sort, system_id) values (585, 'GA01-其他扣项', 30520013, 'other_deduction/hq_inSteadOf/list.htm?balanceType=13', '', 1, 14);
insert into AUTHORITY_MODULE (module_id, module_name, module_code, module_url, remark, module_sort, system_id) values (586, 'GA02-入库明细表', 30520014, 'hq_insteadOf_buy/hq/list?sign=hq', '', 2, 14);
insert into AUTHORITY_MODULE (module_id, module_name, module_code, module_url, remark, module_sort, system_id) values (587, 'GA03-结算单', 30520015, 'hq_insteadOf_buy_balance/balance_bill', '', 3, 14);
insert into AUTHORITY_MODULE (module_id, module_name, module_code, module_url, remark, module_sort, system_id) values (593, '内购结算期', 30200010, 'inside_purchase_balance_date/list', '', 3, 14);
insert into AUTHORITY_MODULE (module_id, module_name, module_code, module_url, remark, module_sort, system_id) values (594, '店铺月报表', 30170020, 'self_shop_month_report/list', '', 3, 14);
insert into AUTHORITY_MODULE (module_id, module_name, module_code, module_url, remark, module_sort, system_id) values (595, 'AREA-生成开票申请', 30300300, 'bill_invoice_apply_generate/list', '', 4, 14);
insert into AUTHORITY_MODULE (module_id, module_name, module_code, module_url, remark, module_sort, system_id) values (599, '价格异常检查', 30120033, 'exception_price_check/list', '', 2, 14);
insert into AUTHORITY_MODULE (module_id, module_name, module_code, module_url, remark, module_sort, system_id) values (607, '结算差异跟踪', 30140019, 'bill_shop_balance_diff/diffTrack', '', 6, 14);
insert into AUTHORITY_MODULE (module_id, module_name, module_code, module_url, remark, module_sort, system_id) values (612, '现金进账核对', 30170022, 'cash_income_check/list', '', 7, 14);
insert into AUTHORITY_MODULE (module_id, module_name, module_code, module_url, remark, module_sort, system_id) values (618, '总部厂商明细对账表', 30500402, 'report/list.htm?type=1', '', 3, 14);
insert into AUTHORITY_MODULE (module_id, module_name, module_code, module_url, remark, module_sort, system_id) values (619, '销售汇总表', 30510402, 'bill_sales_sum/list', '', 1, 14);
insert into AUTHORITY_MODULE (module_id, module_name, module_code, module_url, remark, module_sort, system_id) values (620, 'RR01-其他扣项', 30133008, 'other_deduction/area_among/list.htm?balanceType=5', '', 1, 14);
insert into AUTHORITY_MODULE (module_id, module_name, module_code, module_url, remark, module_sort, system_id) values (621, '总部厂商汇总对账表', 30500403, 'report/list.htm?type=2', '', 4, 14);
insert into AUTHORITY_MODULE (module_id, module_name, module_code, module_url, remark, module_sort, system_id) values (622, '总部地区出货明细表', 30500404, 'hq_area_reconciliation_dtl/shipment_dtl', '', 2, 14);
insert into AUTHORITY_MODULE (module_id, module_name, module_code, module_url, remark, module_sort, system_id) values (634, 'POS存现明细', 30170021, 'deposit_cash/list', '', 5, 14);
insert into AUTHORITY_MODULE (module_id, module_name, module_code, module_url, remark, module_sort, system_id) values (636, '内购业务类型', 30100016, 'inside_biz_type/list', '', 7, 14);
insert into AUTHORITY_MODULE (module_id, module_name, module_code, module_url, remark, module_sort, system_id) values (637, 'RS-其他扣项', 30160022, 'other_deduction_type7/list.htm?balanceType=7', '', 7, 14);
insert into AUTHORITY_MODULE (module_id, module_name, module_code, module_url, remark, module_sort, system_id) values (639, 'GA12-入库明细表', 30161002, 'hq_insteadOf_buy/area/list?sign=area', '', 2, 14);
insert into AUTHORITY_MODULE (module_id, module_name, module_code, module_url, remark, module_sort, system_id) values (640, 'GA13-结算单查询', 30161003, 'area_insteadOf_buy_balance/balance_bill', '', 3, 14);
insert into AUTHORITY_MODULE (module_id, module_name, module_code, module_url, remark, module_sort, system_id) values (641, 'GA11-其他扣项', 30161001, 'other_deduction/area_inSteadOf/list.htm?balanceType=13&atoa=yf', '', 1, 14);
insert into AUTHORITY_MODULE (module_id, module_name, module_code, module_url, remark, module_sort, system_id) values (643, '发票统计表', 30170009, 'register_invoice/list', '', 13, 14);
insert into AUTHORITY_MODULE (module_id, module_name, module_code, module_url, remark, module_sort, system_id) values (644, '价格大区维护', 30120023, 'special_zone_info/list', '', 7, 14);
insert into AUTHORITY_MODULE (module_id, module_name, module_code, module_url, remark, module_sort, system_id) values (648, 'RR04-收款信息', 30133009, 'receivable_info/list.htm', '', 4, 14);
insert into AUTHORITY_MODULE (module_id, module_name, module_code, module_url, remark, module_sort, system_id) values (654, '店铺结存报表', 30120007, 'store_balance_report/list', '', 5, 14);
insert into AUTHORITY_MODULE (module_id, module_name, module_code, module_url, remark, module_sort, system_id) values (664, '销售回款分析', 30510401, 'bill_sales_outstanding_analysis/list', '', 2, 14);
insert into AUTHORITY_MODULE (module_id, module_name, module_code, module_url, remark, module_sort, system_id) values (671, '收发货对账', 30510403, 'transfering_check/transferingCheck', '', 3, 14);

delete from AUTHORITY_MENU_MODULE where SYSTEM_ID = 14;

insert into AUTHORITY_MENU_MODULE (module_id, system_id, menu_id) values (444, 14, 441);
insert into AUTHORITY_MENU_MODULE (module_id, system_id, menu_id) values (443, 14, 441);
insert into AUTHORITY_MENU_MODULE (module_id, system_id, menu_id) values (490, 14, 3609);
insert into AUTHORITY_MENU_MODULE (module_id, system_id, menu_id) values (263, 14, 343);
insert into AUTHORITY_MENU_MODULE (module_id, system_id, menu_id) values (264, 14, 343);
insert into AUTHORITY_MENU_MODULE (module_id, system_id, menu_id) values (306, 14, 343);
insert into AUTHORITY_MENU_MODULE (module_id, system_id, menu_id) values (307, 14, 343);
insert into AUTHORITY_MENU_MODULE (module_id, system_id, menu_id) values (308, 14, 343);
insert into AUTHORITY_MENU_MODULE (module_id, system_id, menu_id) values (442, 14, 356);
insert into AUTHORITY_MENU_MODULE (module_id, system_id, menu_id) values (303, 14, 356);
insert into AUTHORITY_MENU_MODULE (module_id, system_id, menu_id) values (321, 14, 348);
insert into AUTHORITY_MENU_MODULE (module_id, system_id, menu_id) values (322, 14, 348);
insert into AUTHORITY_MENU_MODULE (module_id, system_id, menu_id) values (311, 14, 345);
insert into AUTHORITY_MENU_MODULE (module_id, system_id, menu_id) values (394, 14, 345);
insert into AUTHORITY_MENU_MODULE (module_id, system_id, menu_id) values (323, 14, 345);
insert into AUTHORITY_MENU_MODULE (module_id, system_id, menu_id) values (324, 14, 345);
insert into AUTHORITY_MENU_MODULE (module_id, system_id, menu_id) values (325, 14, 345);
insert into AUTHORITY_MENU_MODULE (module_id, system_id, menu_id) values (326, 14, 345);
insert into AUTHORITY_MENU_MODULE (module_id, system_id, menu_id) values (327, 14, 345);
insert into AUTHORITY_MENU_MODULE (module_id, system_id, menu_id) values (338, 14, 352);
insert into AUTHORITY_MENU_MODULE (module_id, system_id, menu_id) values (339, 14, 352);
insert into AUTHORITY_MENU_MODULE (module_id, system_id, menu_id) values (333, 14, 349);
insert into AUTHORITY_MENU_MODULE (module_id, system_id, menu_id) values (449, 14, 349);
insert into AUTHORITY_MENU_MODULE (module_id, system_id, menu_id) values (332, 14, 349);
insert into AUTHORITY_MENU_MODULE (module_id, system_id, menu_id) values (498, 14, 4388);
insert into AUTHORITY_MENU_MODULE (module_id, system_id, menu_id) values (499, 14, 4389);
insert into AUTHORITY_MENU_MODULE (module_id, system_id, menu_id) values (500, 14, 4735);
insert into AUTHORITY_MENU_MODULE (module_id, system_id, menu_id) values (297, 14, 357);
insert into AUTHORITY_MENU_MODULE (module_id, system_id, menu_id) values (300, 14, 357);
insert into AUTHORITY_MENU_MODULE (module_id, system_id, menu_id) values (317, 14, 351);
insert into AUTHORITY_MENU_MODULE (module_id, system_id, menu_id) values (265, 14, 342);
insert into AUTHORITY_MENU_MODULE (module_id, system_id, menu_id) values (266, 14, 342);
insert into AUTHORITY_MENU_MODULE (module_id, system_id, menu_id) values (304, 14, 342);
insert into AUTHORITY_MENU_MODULE (module_id, system_id, menu_id) values (290, 14, 342);
insert into AUTHORITY_MENU_MODULE (module_id, system_id, menu_id) values (288, 14, 342);
insert into AUTHORITY_MENU_MODULE (module_id, system_id, menu_id) values (289, 14, 342);
insert into AUTHORITY_MENU_MODULE (module_id, system_id, menu_id) values (299, 14, 344);
insert into AUTHORITY_MENU_MODULE (module_id, system_id, menu_id) values (436, 14, 344);
insert into AUTHORITY_MENU_MODULE (module_id, system_id, menu_id) values (329, 14, 344);
insert into AUTHORITY_MENU_MODULE (module_id, system_id, menu_id) values (298, 14, 358);
insert into AUTHORITY_MENU_MODULE (module_id, system_id, menu_id) values (335, 14, 350);
insert into AUTHORITY_MENU_MODULE (module_id, system_id, menu_id) values (448, 14, 350);
insert into AUTHORITY_MENU_MODULE (module_id, system_id, menu_id) values (336, 14, 350);
insert into AUTHORITY_MENU_MODULE (module_id, system_id, menu_id) values (340, 14, 350);
insert into AUTHORITY_MENU_MODULE (module_id, system_id, menu_id) values (341, 14, 350);
insert into AUTHORITY_MENU_MODULE (module_id, system_id, menu_id) values (337, 14, 350);
insert into AUTHORITY_MENU_MODULE (module_id, system_id, menu_id) values (342, 14, 350);
insert into AUTHORITY_MENU_MODULE (module_id, system_id, menu_id) values (345, 14, 350);
insert into AUTHORITY_MENU_MODULE (module_id, system_id, menu_id) values (447, 14, 350);
insert into AUTHORITY_MENU_MODULE (module_id, system_id, menu_id) values (556, 14, 350);
insert into AUTHORITY_MENU_MODULE (module_id, system_id, menu_id) values (343, 14, 341);
insert into AUTHORITY_MENU_MODULE (module_id, system_id, menu_id) values (259, 14, 341);
insert into AUTHORITY_MENU_MODULE (module_id, system_id, menu_id) values (260, 14, 341);
insert into AUTHORITY_MENU_MODULE (module_id, system_id, menu_id) values (271, 14, 341);
insert into AUTHORITY_MENU_MODULE (module_id, system_id, menu_id) values (292, 14, 341);
insert into AUTHORITY_MENU_MODULE (module_id, system_id, menu_id) values (262, 14, 341);
insert into AUTHORITY_MENU_MODULE (module_id, system_id, menu_id) values (277, 14, 341);
insert into AUTHORITY_MENU_MODULE (module_id, system_id, menu_id) values (294, 14, 341);
insert into AUTHORITY_MENU_MODULE (module_id, system_id, menu_id) values (293, 14, 341);
insert into AUTHORITY_MENU_MODULE (module_id, system_id, menu_id) values (296, 14, 341);
insert into AUTHORITY_MENU_MODULE (module_id, system_id, menu_id) values (558, 14, 341);
insert into AUTHORITY_MENU_MODULE (module_id, system_id, menu_id) values (561, 14, 341);
insert into AUTHORITY_MENU_MODULE (module_id, system_id, menu_id) values (565, 14, 341);
insert into AUTHORITY_MENU_MODULE (module_id, system_id, menu_id) values (321, 14, 7504);
insert into AUTHORITY_MENU_MODULE (module_id, system_id, menu_id) values (322, 14, 7504);
insert into AUTHORITY_MENU_MODULE (module_id, system_id, menu_id) values (263, 14, 7501);
insert into AUTHORITY_MENU_MODULE (module_id, system_id, menu_id) values (264, 14, 7501);
insert into AUTHORITY_MENU_MODULE (module_id, system_id, menu_id) values (306, 14, 7501);
insert into AUTHORITY_MENU_MODULE (module_id, system_id, menu_id) values (307, 14, 7501);
insert into AUTHORITY_MENU_MODULE (module_id, system_id, menu_id) values (308, 14, 7501);
insert into AUTHORITY_MENU_MODULE (module_id, system_id, menu_id) values (265, 14, 7516);
insert into AUTHORITY_MENU_MODULE (module_id, system_id, menu_id) values (266, 14, 7516);
insert into AUTHORITY_MENU_MODULE (module_id, system_id, menu_id) values (304, 14, 7516);
insert into AUTHORITY_MENU_MODULE (module_id, system_id, menu_id) values (290, 14, 7516);
insert into AUTHORITY_MENU_MODULE (module_id, system_id, menu_id) values (288, 14, 7516);
insert into AUTHORITY_MENU_MODULE (module_id, system_id, menu_id) values (289, 14, 7516);
insert into AUTHORITY_MENU_MODULE (module_id, system_id, menu_id) values (338, 14, 7525);
insert into AUTHORITY_MENU_MODULE (module_id, system_id, menu_id) values (339, 14, 7525);
insert into AUTHORITY_MENU_MODULE (module_id, system_id, menu_id) values (298, 14, 7483);
insert into AUTHORITY_MENU_MODULE (module_id, system_id, menu_id) values (577, 14, 7483);
insert into AUTHORITY_MENU_MODULE (module_id, system_id, menu_id) values (317, 14, 7503);
insert into AUTHORITY_MENU_MODULE (module_id, system_id, menu_id) values (578, 14, 7503);
insert into AUTHORITY_MENU_MODULE (module_id, system_id, menu_id) values (297, 14, 7488);
insert into AUTHORITY_MENU_MODULE (module_id, system_id, menu_id) values (300, 14, 7488);
insert into AUTHORITY_MENU_MODULE (module_id, system_id, menu_id) values (579, 14, 7488);
insert into AUTHORITY_MENU_MODULE (module_id, system_id, menu_id) values (498, 14, 7449);
insert into AUTHORITY_MENU_MODULE (module_id, system_id, menu_id) values (499, 14, 7449);
insert into AUTHORITY_MENU_MODULE (module_id, system_id, menu_id) values (500, 14, 7449);
insert into AUTHORITY_MENU_MODULE (module_id, system_id, menu_id) values (444, 14, 7449);
insert into AUTHORITY_MENU_MODULE (module_id, system_id, menu_id) values (443, 14, 7449);
insert into AUTHORITY_MENU_MODULE (module_id, system_id, menu_id) values (576, 14, 7449);
insert into AUTHORITY_MENU_MODULE (module_id, system_id, menu_id) values (575, 14, 7457);
insert into AUTHORITY_MENU_MODULE (module_id, system_id, menu_id) values (622, 14, 7457);
insert into AUTHORITY_MENU_MODULE (module_id, system_id, menu_id) values (618, 14, 7457);
insert into AUTHORITY_MENU_MODULE (module_id, system_id, menu_id) values (621, 14, 7457);
insert into AUTHORITY_MENU_MODULE (module_id, system_id, menu_id) values (272, 14, 339);
insert into AUTHORITY_MENU_MODULE (module_id, system_id, menu_id) values (274, 14, 339);
insert into AUTHORITY_MENU_MODULE (module_id, system_id, menu_id) values (275, 14, 339);
insert into AUTHORITY_MENU_MODULE (module_id, system_id, menu_id) values (249, 14, 339);
insert into AUTHORITY_MENU_MODULE (module_id, system_id, menu_id) values (276, 14, 339);
insert into AUTHORITY_MENU_MODULE (module_id, system_id, menu_id) values (284, 14, 339);
insert into AUTHORITY_MENU_MODULE (module_id, system_id, menu_id) values (567, 14, 7473);
insert into AUTHORITY_MENU_MODULE (module_id, system_id, menu_id) values (568, 14, 7473);
insert into AUTHORITY_MENU_MODULE (module_id, system_id, menu_id) values (566, 14, 7473);
insert into AUTHORITY_MENU_MODULE (module_id, system_id, menu_id) values (595, 14, 7473);
insert into AUTHORITY_MENU_MODULE (module_id, system_id, menu_id) values (573, 14, 7473);
insert into AUTHORITY_MENU_MODULE (module_id, system_id, menu_id) values (572, 14, 7473);
insert into AUTHORITY_MENU_MODULE (module_id, system_id, menu_id) values (490, 14, 7473);
insert into AUTHORITY_MENU_MODULE (module_id, system_id, menu_id) values (436, 14, 7499);
insert into AUTHORITY_MENU_MODULE (module_id, system_id, menu_id) values (299, 14, 7499);
insert into AUTHORITY_MENU_MODULE (module_id, system_id, menu_id) values (329, 14, 7499);
insert into AUTHORITY_MENU_MODULE (module_id, system_id, menu_id) values (585, 14, 10446);
insert into AUTHORITY_MENU_MODULE (module_id, system_id, menu_id) values (586, 14, 10446);
insert into AUTHORITY_MENU_MODULE (module_id, system_id, menu_id) values (587, 14, 10446);
insert into AUTHORITY_MENU_MODULE (module_id, system_id, menu_id) values (311, 14, 7519);
insert into AUTHORITY_MENU_MODULE (module_id, system_id, menu_id) values (394, 14, 7519);
insert into AUTHORITY_MENU_MODULE (module_id, system_id, menu_id) values (326, 14, 7519);
insert into AUTHORITY_MENU_MODULE (module_id, system_id, menu_id) values (327, 14, 7519);
insert into AUTHORITY_MENU_MODULE (module_id, system_id, menu_id) values (315, 14, 7519);
insert into AUTHORITY_MENU_MODULE (module_id, system_id, menu_id) values (313, 14, 7519);
insert into AUTHORITY_MENU_MODULE (module_id, system_id, menu_id) values (637, 14, 7519);
insert into AUTHORITY_MENU_MODULE (module_id, system_id, menu_id) values (641, 14, 13827);
insert into AUTHORITY_MENU_MODULE (module_id, system_id, menu_id) values (639, 14, 13827);
insert into AUTHORITY_MENU_MODULE (module_id, system_id, menu_id) values (640, 14, 13827);
insert into AUTHORITY_MENU_MODULE (module_id, system_id, menu_id) values (261, 14, 353);
insert into AUTHORITY_MENU_MODULE (module_id, system_id, menu_id) values (350, 14, 353);
insert into AUTHORITY_MENU_MODULE (module_id, system_id, menu_id) values (258, 14, 353);
insert into AUTHORITY_MENU_MODULE (module_id, system_id, menu_id) values (291, 14, 353);
insert into AUTHORITY_MENU_MODULE (module_id, system_id, menu_id) values (283, 14, 353);
insert into AUTHORITY_MENU_MODULE (module_id, system_id, menu_id) values (557, 14, 353);
insert into AUTHORITY_MENU_MODULE (module_id, system_id, menu_id) values (636, 14, 353);
insert into AUTHORITY_MENU_MODULE (module_id, system_id, menu_id) values (247, 14, 353);
insert into AUTHORITY_MENU_MODULE (module_id, system_id, menu_id) values (251, 14, 353);
insert into AUTHORITY_MENU_MODULE (module_id, system_id, menu_id) values (252, 14, 353);
insert into AUTHORITY_MENU_MODULE (module_id, system_id, menu_id) values (287, 14, 353);
insert into AUTHORITY_MENU_MODULE (module_id, system_id, menu_id) values (285, 14, 353);
insert into AUTHORITY_MENU_MODULE (module_id, system_id, menu_id) values (282, 14, 353);
insert into AUTHORITY_MENU_MODULE (module_id, system_id, menu_id) values (259, 14, 19813);
insert into AUTHORITY_MENU_MODULE (module_id, system_id, menu_id) values (260, 14, 19813);
insert into AUTHORITY_MENU_MODULE (module_id, system_id, menu_id) values (292, 14, 19813);
insert into AUTHORITY_MENU_MODULE (module_id, system_id, menu_id) values (565, 14, 19813);
insert into AUTHORITY_MENU_MODULE (module_id, system_id, menu_id) values (293, 14, 19813);
insert into AUTHORITY_MENU_MODULE (module_id, system_id, menu_id) values (583, 14, 19813);
insert into AUTHORITY_MENU_MODULE (module_id, system_id, menu_id) values (343, 14, 7490);
insert into AUTHORITY_MENU_MODULE (module_id, system_id, menu_id) values (271, 14, 7490);
insert into AUTHORITY_MENU_MODULE (module_id, system_id, menu_id) values (262, 14, 7490);
insert into AUTHORITY_MENU_MODULE (module_id, system_id, menu_id) values (277, 14, 7490);
insert into AUTHORITY_MENU_MODULE (module_id, system_id, menu_id) values (561, 14, 7490);
insert into AUTHORITY_MENU_MODULE (module_id, system_id, menu_id) values (607, 14, 7490);
insert into AUTHORITY_MENU_MODULE (module_id, system_id, menu_id) values (296, 14, 7490);
insert into AUTHORITY_MENU_MODULE (module_id, system_id, menu_id) values (558, 14, 7490);
insert into AUTHORITY_MENU_MODULE (module_id, system_id, menu_id) values (620, 14, 7475);
insert into AUTHORITY_MENU_MODULE (module_id, system_id, menu_id) values (442, 14, 7475);
insert into AUTHORITY_MENU_MODULE (module_id, system_id, menu_id) values (303, 14, 7475);
insert into AUTHORITY_MENU_MODULE (module_id, system_id, menu_id) values (648, 14, 7475);
insert into AUTHORITY_MENU_MODULE (module_id, system_id, menu_id) values (335, 14, 7498);
insert into AUTHORITY_MENU_MODULE (module_id, system_id, menu_id) values (336, 14, 7498);
insert into AUTHORITY_MENU_MODULE (module_id, system_id, menu_id) values (594, 14, 7498);
insert into AUTHORITY_MENU_MODULE (module_id, system_id, menu_id) values (448, 14, 7498);
insert into AUTHORITY_MENU_MODULE (module_id, system_id, menu_id) values (634, 14, 7498);
insert into AUTHORITY_MENU_MODULE (module_id, system_id, menu_id) values (340, 14, 7498);
insert into AUTHORITY_MENU_MODULE (module_id, system_id, menu_id) values (612, 14, 7498);
insert into AUTHORITY_MENU_MODULE (module_id, system_id, menu_id) values (341, 14, 7498);
insert into AUTHORITY_MENU_MODULE (module_id, system_id, menu_id) values (342, 14, 7498);
insert into AUTHORITY_MENU_MODULE (module_id, system_id, menu_id) values (337, 14, 7498);
insert into AUTHORITY_MENU_MODULE (module_id, system_id, menu_id) values (556, 14, 7498);
insert into AUTHORITY_MENU_MODULE (module_id, system_id, menu_id) values (447, 14, 7498);
insert into AUTHORITY_MENU_MODULE (module_id, system_id, menu_id) values (643, 14, 7498);
insert into AUTHORITY_MENU_MODULE (module_id, system_id, menu_id) values (332, 14, 7489);
insert into AUTHORITY_MENU_MODULE (module_id, system_id, menu_id) values (449, 14, 7489);
insert into AUTHORITY_MENU_MODULE (module_id, system_id, menu_id) values (593, 14, 7489);
insert into AUTHORITY_MENU_MODULE (module_id, system_id, menu_id) values (286, 14, 347);
insert into AUTHORITY_MENU_MODULE (module_id, system_id, menu_id) values (267, 14, 347);
insert into AUTHORITY_MENU_MODULE (module_id, system_id, menu_id) values (268, 14, 347);
insert into AUTHORITY_MENU_MODULE (module_id, system_id, menu_id) values (269, 14, 347);
insert into AUTHORITY_MENU_MODULE (module_id, system_id, menu_id) values (270, 14, 347);
insert into AUTHORITY_MENU_MODULE (module_id, system_id, menu_id) values (305, 14, 347);
insert into AUTHORITY_MENU_MODULE (module_id, system_id, menu_id) values (644, 14, 347);
insert into AUTHORITY_MENU_MODULE (module_id, system_id, menu_id) values (619, 14, 7474);
insert into AUTHORITY_MENU_MODULE (module_id, system_id, menu_id) values (664, 14, 7474);
insert into AUTHORITY_MENU_MODULE (module_id, system_id, menu_id) values (671, 14, 7474);
insert into AUTHORITY_MENU_MODULE (module_id, system_id, menu_id) values (255, 14, 346);
insert into AUTHORITY_MENU_MODULE (module_id, system_id, menu_id) values (599, 14, 346);
insert into AUTHORITY_MENU_MODULE (module_id, system_id, menu_id) values (253, 14, 346);
insert into AUTHORITY_MENU_MODULE (module_id, system_id, menu_id) values (257, 14, 346);
insert into AUTHORITY_MENU_MODULE (module_id, system_id, menu_id) values (654, 14, 346);

delete from authority_module_operations where  module_id in (select module_id from authority_module where SYSTEM_ID = 14 );

insert into authority_module_operations (operation_id, module_id) values (1, 619);
insert into authority_module_operations (operation_id, module_id) values (2, 619);
insert into authority_module_operations (operation_id, module_id) values (4, 619);
insert into authority_module_operations (operation_id, module_id) values (4, 253);
insert into authority_module_operations (operation_id, module_id) values (87, 253);
insert into authority_module_operations (operation_id, module_id) values (4, 257);
insert into authority_module_operations (operation_id, module_id) values (1, 267);
insert into authority_module_operations (operation_id, module_id) values (2, 267);
insert into authority_module_operations (operation_id, module_id) values (3, 267);
insert into authority_module_operations (operation_id, module_id) values (1, 268);
insert into authority_module_operations (operation_id, module_id) values (2, 268);
insert into authority_module_operations (operation_id, module_id) values (3, 268);
insert into authority_module_operations (operation_id, module_id) values (1, 269);
insert into authority_module_operations (operation_id, module_id) values (2, 269);
insert into authority_module_operations (operation_id, module_id) values (3, 269);
insert into authority_module_operations (operation_id, module_id) values (4, 269);
insert into authority_module_operations (operation_id, module_id) values (6, 269);
insert into authority_module_operations (operation_id, module_id) values (85, 269);
insert into authority_module_operations (operation_id, module_id) values (1, 270);
insert into authority_module_operations (operation_id, module_id) values (2, 270);
insert into authority_module_operations (operation_id, module_id) values (3, 270);
insert into authority_module_operations (operation_id, module_id) values (4, 270);
insert into authority_module_operations (operation_id, module_id) values (6, 270);
insert into authority_module_operations (operation_id, module_id) values (86, 270);
insert into authority_module_operations (operation_id, module_id) values (1, 282);
insert into authority_module_operations (operation_id, module_id) values (2, 282);
insert into authority_module_operations (operation_id, module_id) values (3, 282);
insert into authority_module_operations (operation_id, module_id) values (27, 282);
insert into authority_module_operations (operation_id, module_id) values (100, 282);
insert into authority_module_operations (operation_id, module_id) values (1, 285);
insert into authority_module_operations (operation_id, module_id) values (2, 285);
insert into authority_module_operations (operation_id, module_id) values (3, 285);
insert into authority_module_operations (operation_id, module_id) values (7, 285);
insert into authority_module_operations (operation_id, module_id) values (27, 285);
insert into authority_module_operations (operation_id, module_id) values (100, 285);
insert into authority_module_operations (operation_id, module_id) values (1, 287);
insert into authority_module_operations (operation_id, module_id) values (2, 287);
insert into authority_module_operations (operation_id, module_id) values (3, 287);
insert into authority_module_operations (operation_id, module_id) values (27, 287);
insert into authority_module_operations (operation_id, module_id) values (100, 287);
insert into authority_module_operations (operation_id, module_id) values (1, 252);
insert into authority_module_operations (operation_id, module_id) values (2, 252);
insert into authority_module_operations (operation_id, module_id) values (3, 252);
insert into authority_module_operations (operation_id, module_id) values (27, 252);
insert into authority_module_operations (operation_id, module_id) values (100, 252);
insert into authority_module_operations (operation_id, module_id) values (1, 251);
insert into authority_module_operations (operation_id, module_id) values (2, 251);
insert into authority_module_operations (operation_id, module_id) values (3, 251);
insert into authority_module_operations (operation_id, module_id) values (27, 251);
insert into authority_module_operations (operation_id, module_id) values (100, 251);
insert into authority_module_operations (operation_id, module_id) values (1, 247);
insert into authority_module_operations (operation_id, module_id) values (2, 247);
insert into authority_module_operations (operation_id, module_id) values (3, 247);
insert into authority_module_operations (operation_id, module_id) values (27, 247);
insert into authority_module_operations (operation_id, module_id) values (100, 247);
insert into authority_module_operations (operation_id, module_id) values (1, 263);
insert into authority_module_operations (operation_id, module_id) values (3, 263);
insert into authority_module_operations (operation_id, module_id) values (7, 263);
insert into authority_module_operations (operation_id, module_id) values (1, 264);
insert into authority_module_operations (operation_id, module_id) values (3, 264);
insert into authority_module_operations (operation_id, module_id) values (4, 264);
insert into authority_module_operations (operation_id, module_id) values (6, 264);
insert into authority_module_operations (operation_id, module_id) values (7, 264);
insert into authority_module_operations (operation_id, module_id) values (4, 306);
insert into authority_module_operations (operation_id, module_id) values (1, 557);
insert into authority_module_operations (operation_id, module_id) values (2, 557);
insert into authority_module_operations (operation_id, module_id) values (3, 557);
insert into authority_module_operations (operation_id, module_id) values (4, 557);
insert into authority_module_operations (operation_id, module_id) values (27, 557);
insert into authority_module_operations (operation_id, module_id) values (100, 557);
insert into authority_module_operations (operation_id, module_id) values (1, 307);
insert into authority_module_operations (operation_id, module_id) values (3, 307);
insert into authority_module_operations (operation_id, module_id) values (4, 307);
insert into authority_module_operations (operation_id, module_id) values (7, 307);
insert into authority_module_operations (operation_id, module_id) values (10, 307);
insert into authority_module_operations (operation_id, module_id) values (18, 307);
insert into authority_module_operations (operation_id, module_id) values (55, 307);
insert into authority_module_operations (operation_id, module_id) values (77, 307);
insert into authority_module_operations (operation_id, module_id) values (78, 307);
insert into authority_module_operations (operation_id, module_id) values (81, 307);
insert into authority_module_operations (operation_id, module_id) values (4, 308);
insert into authority_module_operations (operation_id, module_id) values (1, 283);
insert into authority_module_operations (operation_id, module_id) values (2, 283);
insert into authority_module_operations (operation_id, module_id) values (3, 283);
insert into authority_module_operations (operation_id, module_id) values (27, 283);
insert into authority_module_operations (operation_id, module_id) values (100, 283);
insert into authority_module_operations (operation_id, module_id) values (1, 258);
insert into authority_module_operations (operation_id, module_id) values (2, 258);
insert into authority_module_operations (operation_id, module_id) values (3, 258);
insert into authority_module_operations (operation_id, module_id) values (27, 258);
insert into authority_module_operations (operation_id, module_id) values (100, 258);
insert into authority_module_operations (operation_id, module_id) values (4, 350);
insert into authority_module_operations (operation_id, module_id) values (4, 290);
insert into authority_module_operations (operation_id, module_id) values (1, 274);
insert into authority_module_operations (operation_id, module_id) values (2, 274);
insert into authority_module_operations (operation_id, module_id) values (3, 274);
insert into authority_module_operations (operation_id, module_id) values (4, 274);
insert into authority_module_operations (operation_id, module_id) values (27, 274);
insert into authority_module_operations (operation_id, module_id) values (100, 274);
insert into authority_module_operations (operation_id, module_id) values (1, 272);
insert into authority_module_operations (operation_id, module_id) values (2, 272);
insert into authority_module_operations (operation_id, module_id) values (3, 272);
insert into authority_module_operations (operation_id, module_id) values (4, 272);
insert into authority_module_operations (operation_id, module_id) values (27, 272);
insert into authority_module_operations (operation_id, module_id) values (100, 272);
insert into authority_module_operations (operation_id, module_id) values (4, 289);
insert into authority_module_operations (operation_id, module_id) values (4, 578);
insert into authority_module_operations (operation_id, module_id) values (73, 578);
insert into authority_module_operations (operation_id, module_id) values (76, 578);
insert into authority_module_operations (operation_id, module_id) values (81, 578);
insert into authority_module_operations (operation_id, module_id) values (1, 275);
insert into authority_module_operations (operation_id, module_id) values (2, 275);
insert into authority_module_operations (operation_id, module_id) values (3, 275);
insert into authority_module_operations (operation_id, module_id) values (4, 275);
insert into authority_module_operations (operation_id, module_id) values (27, 275);
insert into authority_module_operations (operation_id, module_id) values (100, 275);
insert into authority_module_operations (operation_id, module_id) values (1, 249);
insert into authority_module_operations (operation_id, module_id) values (2, 249);
insert into authority_module_operations (operation_id, module_id) values (4, 249);
insert into authority_module_operations (operation_id, module_id) values (31, 249);
insert into authority_module_operations (operation_id, module_id) values (32, 249);
insert into authority_module_operations (operation_id, module_id) values (1, 276);
insert into authority_module_operations (operation_id, module_id) values (2, 276);
insert into authority_module_operations (operation_id, module_id) values (3, 276);
insert into authority_module_operations (operation_id, module_id) values (4, 276);
insert into authority_module_operations (operation_id, module_id) values (31, 276);
insert into authority_module_operations (operation_id, module_id) values (32, 276);
insert into authority_module_operations (operation_id, module_id) values (4, 284);
insert into authority_module_operations (operation_id, module_id) values (1, 636);
insert into authority_module_operations (operation_id, module_id) values (2, 636);
insert into authority_module_operations (operation_id, module_id) values (3, 636);
insert into authority_module_operations (operation_id, module_id) values (27, 636);
insert into authority_module_operations (operation_id, module_id) values (100, 636);
insert into authority_module_operations (operation_id, module_id) values (4, 586);
insert into authority_module_operations (operation_id, module_id) values (3, 444);
insert into authority_module_operations (operation_id, module_id) values (4, 444);
insert into authority_module_operations (operation_id, module_id) values (7, 444);
insert into authority_module_operations (operation_id, module_id) values (31, 444);
insert into authority_module_operations (operation_id, module_id) values (32, 444);
insert into authority_module_operations (operation_id, module_id) values (105, 444);
insert into authority_module_operations (operation_id, module_id) values (4, 576);
insert into authority_module_operations (operation_id, module_id) values (83, 576);
insert into authority_module_operations (operation_id, module_id) values (1, 587);
insert into authority_module_operations (operation_id, module_id) values (3, 587);
insert into authority_module_operations (operation_id, module_id) values (4, 587);
insert into authority_module_operations (operation_id, module_id) values (7, 587);
insert into authority_module_operations (operation_id, module_id) values (55, 587);
insert into authority_module_operations (operation_id, module_id) values (73, 587);
insert into authority_module_operations (operation_id, module_id) values (74, 587);
insert into authority_module_operations (operation_id, module_id) values (77, 587);
insert into authority_module_operations (operation_id, module_id) values (79, 587);
insert into authority_module_operations (operation_id, module_id) values (80, 587);
insert into authority_module_operations (operation_id, module_id) values (81, 587);
insert into authority_module_operations (operation_id, module_id) values (4, 490);
insert into authority_module_operations (operation_id, module_id) values (83, 490);
insert into authority_module_operations (operation_id, module_id) values (84, 490);
insert into authority_module_operations (operation_id, module_id) values (4, 259);
insert into authority_module_operations (operation_id, module_id) values (27, 259);
insert into authority_module_operations (operation_id, module_id) values (100, 259);
insert into authority_module_operations (operation_id, module_id) values (4, 260);
insert into authority_module_operations (operation_id, module_id) values (27, 260);
insert into authority_module_operations (operation_id, module_id) values (100, 260);
insert into authority_module_operations (operation_id, module_id) values (4, 271);
insert into authority_module_operations (operation_id, module_id) values (78, 595);
insert into authority_module_operations (operation_id, module_id) values (3, 277);
insert into authority_module_operations (operation_id, module_id) values (4, 277);
insert into authority_module_operations (operation_id, module_id) values (7, 277);
insert into authority_module_operations (operation_id, module_id) values (20, 277);
insert into authority_module_operations (operation_id, module_id) values (31, 277);
insert into authority_module_operations (operation_id, module_id) values (32, 277);
insert into authority_module_operations (operation_id, module_id) values (78, 277);
insert into authority_module_operations (operation_id, module_id) values (104, 277);
insert into authority_module_operations (operation_id, module_id) values (27, 292);
insert into authority_module_operations (operation_id, module_id) values (100, 292);
insert into authority_module_operations (operation_id, module_id) values (1, 566);
insert into authority_module_operations (operation_id, module_id) values (3, 566);
insert into authority_module_operations (operation_id, module_id) values (7, 566);
insert into authority_module_operations (operation_id, module_id) values (13, 566);
insert into authority_module_operations (operation_id, module_id) values (73, 566);
insert into authority_module_operations (operation_id, module_id) values (81, 566);
insert into authority_module_operations (operation_id, module_id) values (92, 566);
insert into authority_module_operations (operation_id, module_id) values (96, 566);
insert into authority_module_operations (operation_id, module_id) values (97, 566);
insert into authority_module_operations (operation_id, module_id) values (1, 296);
insert into authority_module_operations (operation_id, module_id) values (3, 296);
insert into authority_module_operations (operation_id, module_id) values (4, 296);
insert into authority_module_operations (operation_id, module_id) values (7, 296);
insert into authority_module_operations (operation_id, module_id) values (4, 561);
insert into authority_module_operations (operation_id, module_id) values (1, 568);
insert into authority_module_operations (operation_id, module_id) values (3, 568);
insert into authority_module_operations (operation_id, module_id) values (4, 568);
insert into authority_module_operations (operation_id, module_id) values (7, 568);
insert into authority_module_operations (operation_id, module_id) values (31, 568);
insert into authority_module_operations (operation_id, module_id) values (32, 568);
insert into authority_module_operations (operation_id, module_id) values (95, 568);
insert into authority_module_operations (operation_id, module_id) values (1, 583);
insert into authority_module_operations (operation_id, module_id) values (3, 583);
insert into authority_module_operations (operation_id, module_id) values (27, 583);
insert into authority_module_operations (operation_id, module_id) values (100, 583);
insert into authority_module_operations (operation_id, module_id) values (4, 607);
insert into authority_module_operations (operation_id, module_id) values (1, 567);
insert into authority_module_operations (operation_id, module_id) values (3, 567);
insert into authority_module_operations (operation_id, module_id) values (4, 567);
insert into authority_module_operations (operation_id, module_id) values (7, 567);
insert into authority_module_operations (operation_id, module_id) values (13, 567);
insert into authority_module_operations (operation_id, module_id) values (73, 567);
insert into authority_module_operations (operation_id, module_id) values (81, 567);
insert into authority_module_operations (operation_id, module_id) values (92, 567);
insert into authority_module_operations (operation_id, module_id) values (93, 567);
insert into authority_module_operations (operation_id, module_id) values (94, 567);
insert into authority_module_operations (operation_id, module_id) values (4, 342);
insert into authority_module_operations (operation_id, module_id) values (3, 337);
insert into authority_module_operations (operation_id, module_id) values (4, 337);
insert into authority_module_operations (operation_id, module_id) values (6, 337);
insert into authority_module_operations (operation_id, module_id) values (4, 336);
insert into authority_module_operations (operation_id, module_id) values (3, 340);
insert into authority_module_operations (operation_id, module_id) values (4, 340);
insert into authority_module_operations (operation_id, module_id) values (6, 340);
insert into authority_module_operations (operation_id, module_id) values (4, 643);
insert into authority_module_operations (operation_id, module_id) values (4, 341);
insert into authority_module_operations (operation_id, module_id) values (4, 448);
insert into authority_module_operations (operation_id, module_id) values (4, 634);
insert into authority_module_operations (operation_id, module_id) values (4, 299);
insert into authority_module_operations (operation_id, module_id) values (1, 329);
insert into authority_module_operations (operation_id, module_id) values (3, 329);
insert into authority_module_operations (operation_id, module_id) values (4, 329);
insert into authority_module_operations (operation_id, module_id) values (7, 329);
insert into authority_module_operations (operation_id, module_id) values (55, 329);
insert into authority_module_operations (operation_id, module_id) values (73, 329);
insert into authority_module_operations (operation_id, module_id) values (74, 329);
insert into authority_module_operations (operation_id, module_id) values (77, 329);
insert into authority_module_operations (operation_id, module_id) values (79, 329);
insert into authority_module_operations (operation_id, module_id) values (80, 329);
insert into authority_module_operations (operation_id, module_id) values (81, 329);
insert into authority_module_operations (operation_id, module_id) values (82, 329);
insert into authority_module_operations (operation_id, module_id) values (4, 612);
insert into authority_module_operations (operation_id, module_id) values (4, 594);
insert into authority_module_operations (operation_id, module_id) values (4, 556);
insert into authority_module_operations (operation_id, module_id) values (1, 311);
insert into authority_module_operations (operation_id, module_id) values (2, 311);
insert into authority_module_operations (operation_id, module_id) values (4, 311);
insert into authority_module_operations (operation_id, module_id) values (27, 311);
insert into authority_module_operations (operation_id, module_id) values (100, 311);
insert into authority_module_operations (operation_id, module_id) values (4, 327);
insert into authority_module_operations (operation_id, module_id) values (4, 577);
insert into authority_module_operations (operation_id, module_id) values (73, 577);
insert into authority_module_operations (operation_id, module_id) values (81, 577);
insert into authority_module_operations (operation_id, module_id) values (82, 577);
insert into authority_module_operations (operation_id, module_id) values (101, 577);
insert into authority_module_operations (operation_id, module_id) values (1, 394);
insert into authority_module_operations (operation_id, module_id) values (2, 394);
insert into authority_module_operations (operation_id, module_id) values (4, 394);
insert into authority_module_operations (operation_id, module_id) values (27, 394);
insert into authority_module_operations (operation_id, module_id) values (100, 394);
insert into authority_module_operations (operation_id, module_id) values (4, 300);
insert into authority_module_operations (operation_id, module_id) values (4, 297);
insert into authority_module_operations (operation_id, module_id) values (4, 579);
insert into authority_module_operations (operation_id, module_id) values (10, 579);
insert into authority_module_operations (operation_id, module_id) values (18, 579);
insert into authority_module_operations (operation_id, module_id) values (73, 579);
insert into authority_module_operations (operation_id, module_id) values (81, 579);
insert into authority_module_operations (operation_id, module_id) values (82, 579);
insert into authority_module_operations (operation_id, module_id) values (1, 326);
insert into authority_module_operations (operation_id, module_id) values (2, 326);
insert into authority_module_operations (operation_id, module_id) values (3, 326);
insert into authority_module_operations (operation_id, module_id) values (4, 326);
insert into authority_module_operations (operation_id, module_id) values (6, 326);
insert into authority_module_operations (operation_id, module_id) values (31, 326);
insert into authority_module_operations (operation_id, module_id) values (32, 326);
insert into authority_module_operations (operation_id, module_id) values (4, 313);
insert into authority_module_operations (operation_id, module_id) values (1, 315);
insert into authority_module_operations (operation_id, module_id) values (3, 315);
insert into authority_module_operations (operation_id, module_id) values (4, 315);
insert into authority_module_operations (operation_id, module_id) values (7, 315);
insert into authority_module_operations (operation_id, module_id) values (55, 315);
insert into authority_module_operations (operation_id, module_id) values (73, 315);
insert into authority_module_operations (operation_id, module_id) values (74, 315);
insert into authority_module_operations (operation_id, module_id) values (78, 315);
insert into authority_module_operations (operation_id, module_id) values (79, 315);
insert into authority_module_operations (operation_id, module_id) values (1, 303);
insert into authority_module_operations (operation_id, module_id) values (3, 303);
insert into authority_module_operations (operation_id, module_id) values (4, 303);
insert into authority_module_operations (operation_id, module_id) values (55, 303);
insert into authority_module_operations (operation_id, module_id) values (72, 303);
insert into authority_module_operations (operation_id, module_id) values (73, 303);
insert into authority_module_operations (operation_id, module_id) values (77, 303);
insert into authority_module_operations (operation_id, module_id) values (78, 303);
insert into authority_module_operations (operation_id, module_id) values (80, 303);
insert into authority_module_operations (operation_id, module_id) values (81, 303);
insert into authority_module_operations (operation_id, module_id) values (4, 321);
insert into authority_module_operations (operation_id, module_id) values (1, 332);
insert into authority_module_operations (operation_id, module_id) values (3, 332);
insert into authority_module_operations (operation_id, module_id) values (4, 332);
insert into authority_module_operations (operation_id, module_id) values (31, 332);
insert into authority_module_operations (operation_id, module_id) values (32, 332);
insert into authority_module_operations (operation_id, module_id) values (4, 449);
insert into authority_module_operations (operation_id, module_id) values (79, 449);
insert into authority_module_operations (operation_id, module_id) values (90, 449);
insert into authority_module_operations (operation_id, module_id) values (4, 333);
insert into authority_module_operations (operation_id, module_id) values (20, 333);
insert into authority_module_operations (operation_id, module_id) values (1, 293);
insert into authority_module_operations (operation_id, module_id) values (2, 293);
insert into authority_module_operations (operation_id, module_id) values (4, 293);
insert into authority_module_operations (operation_id, module_id) values (1, 620);
insert into authority_module_operations (operation_id, module_id) values (3, 620);
insert into authority_module_operations (operation_id, module_id) values (4, 620);
insert into authority_module_operations (operation_id, module_id) values (7, 620);
insert into authority_module_operations (operation_id, module_id) values (1, 335);
insert into authority_module_operations (operation_id, module_id) values (3, 335);
insert into authority_module_operations (operation_id, module_id) values (4, 335);
insert into authority_module_operations (operation_id, module_id) values (6, 335);
insert into authority_module_operations (operation_id, module_id) values (7, 335);
insert into authority_module_operations (operation_id, module_id) values (1, 585);
insert into authority_module_operations (operation_id, module_id) values (3, 585);
insert into authority_module_operations (operation_id, module_id) values (4, 585);
insert into authority_module_operations (operation_id, module_id) values (7, 585);
insert into authority_module_operations (operation_id, module_id) values (1, 436);
insert into authority_module_operations (operation_id, module_id) values (3, 436);
insert into authority_module_operations (operation_id, module_id) values (4, 436);
insert into authority_module_operations (operation_id, module_id) values (7, 436);
insert into authority_module_operations (operation_id, module_id) values (1, 322);
insert into authority_module_operations (operation_id, module_id) values (3, 322);
insert into authority_module_operations (operation_id, module_id) values (4, 322);
insert into authority_module_operations (operation_id, module_id) values (7, 322);
insert into authority_module_operations (operation_id, module_id) values (55, 322);
insert into authority_module_operations (operation_id, module_id) values (73, 322);
insert into authority_module_operations (operation_id, module_id) values (75, 322);
insert into authority_module_operations (operation_id, module_id) values (77, 322);
insert into authority_module_operations (operation_id, module_id) values (78, 322);
insert into authority_module_operations (operation_id, module_id) values (81, 322);
insert into authority_module_operations (operation_id, module_id) values (1, 304);
insert into authority_module_operations (operation_id, module_id) values (3, 304);
insert into authority_module_operations (operation_id, module_id) values (4, 304);
insert into authority_module_operations (operation_id, module_id) values (7, 304);
insert into authority_module_operations (operation_id, module_id) values (1, 644);
insert into authority_module_operations (operation_id, module_id) values (2, 644);
insert into authority_module_operations (operation_id, module_id) values (3, 644);
insert into authority_module_operations (operation_id, module_id) values (4, 644);
insert into authority_module_operations (operation_id, module_id) values (7, 644);
insert into authority_module_operations (operation_id, module_id) values (1, 498);
insert into authority_module_operations (operation_id, module_id) values (3, 498);
insert into authority_module_operations (operation_id, module_id) values (4, 498);
insert into authority_module_operations (operation_id, module_id) values (7, 498);
insert into authority_module_operations (operation_id, module_id) values (13, 498);
insert into authority_module_operations (operation_id, module_id) values (40, 498);
insert into authority_module_operations (operation_id, module_id) values (43, 498);
insert into authority_module_operations (operation_id, module_id) values (73, 498);
insert into authority_module_operations (operation_id, module_id) values (81, 498);
insert into authority_module_operations (operation_id, module_id) values (92, 498);
insert into authority_module_operations (operation_id, module_id) values (93, 498);
insert into authority_module_operations (operation_id, module_id) values (94, 498);
insert into authority_module_operations (operation_id, module_id) values (1, 499);
insert into authority_module_operations (operation_id, module_id) values (3, 499);
insert into authority_module_operations (operation_id, module_id) values (4, 499);
insert into authority_module_operations (operation_id, module_id) values (7, 499);
insert into authority_module_operations (operation_id, module_id) values (31, 499);
insert into authority_module_operations (operation_id, module_id) values (32, 499);
insert into authority_module_operations (operation_id, module_id) values (40, 499);
insert into authority_module_operations (operation_id, module_id) values (43, 499);
insert into authority_module_operations (operation_id, module_id) values (47, 499);
insert into authority_module_operations (operation_id, module_id) values (95, 499);
insert into authority_module_operations (operation_id, module_id) values (1, 500);
insert into authority_module_operations (operation_id, module_id) values (3, 500);
insert into authority_module_operations (operation_id, module_id) values (4, 500);
insert into authority_module_operations (operation_id, module_id) values (13, 500);
insert into authority_module_operations (operation_id, module_id) values (40, 500);
insert into authority_module_operations (operation_id, module_id) values (43, 500);
insert into authority_module_operations (operation_id, module_id) values (47, 500);
insert into authority_module_operations (operation_id, module_id) values (73, 500);
insert into authority_module_operations (operation_id, module_id) values (81, 500);
insert into authority_module_operations (operation_id, module_id) values (92, 500);
insert into authority_module_operations (operation_id, module_id) values (96, 500);
insert into authority_module_operations (operation_id, module_id) values (97, 500);
insert into authority_module_operations (operation_id, module_id) values (1, 265);
insert into authority_module_operations (operation_id, module_id) values (3, 265);
insert into authority_module_operations (operation_id, module_id) values (7, 265);
insert into authority_module_operations (operation_id, module_id) values (1, 266);
insert into authority_module_operations (operation_id, module_id) values (3, 266);
insert into authority_module_operations (operation_id, module_id) values (4, 266);
insert into authority_module_operations (operation_id, module_id) values (6, 266);
insert into authority_module_operations (operation_id, module_id) values (7, 266);
insert into authority_module_operations (operation_id, module_id) values (1, 288);
insert into authority_module_operations (operation_id, module_id) values (3, 288);
insert into authority_module_operations (operation_id, module_id) values (4, 288);
insert into authority_module_operations (operation_id, module_id) values (55, 288);
insert into authority_module_operations (operation_id, module_id) values (73, 288);
insert into authority_module_operations (operation_id, module_id) values (74, 288);
insert into authority_module_operations (operation_id, module_id) values (77, 288);
insert into authority_module_operations (operation_id, module_id) values (79, 288);
insert into authority_module_operations (operation_id, module_id) values (80, 288);
insert into authority_module_operations (operation_id, module_id) values (81, 288);
insert into authority_module_operations (operation_id, module_id) values (82, 288);
insert into authority_module_operations (operation_id, module_id) values (90, 288);
insert into authority_module_operations (operation_id, module_id) values (102, 288);
insert into authority_module_operations (operation_id, module_id) values (1, 443);
insert into authority_module_operations (operation_id, module_id) values (3, 443);
insert into authority_module_operations (operation_id, module_id) values (4, 443);
insert into authority_module_operations (operation_id, module_id) values (6, 443);
insert into authority_module_operations (operation_id, module_id) values (7, 443);
insert into authority_module_operations (operation_id, module_id) values (31, 443);
insert into authority_module_operations (operation_id, module_id) values (32, 443);
insert into authority_module_operations (operation_id, module_id) values (105, 443);
insert into authority_module_operations (operation_id, module_id) values (1, 565);
insert into authority_module_operations (operation_id, module_id) values (3, 565);
insert into authority_module_operations (operation_id, module_id) values (4, 565);
insert into authority_module_operations (operation_id, module_id) values (7, 565);
insert into authority_module_operations (operation_id, module_id) values (1, 593);
insert into authority_module_operations (operation_id, module_id) values (3, 593);
insert into authority_module_operations (operation_id, module_id) values (4, 593);
insert into authority_module_operations (operation_id, module_id) values (7, 593);
insert into authority_module_operations (operation_id, module_id) values (1, 255);
insert into authority_module_operations (operation_id, module_id) values (3, 255);
insert into authority_module_operations (operation_id, module_id) values (7, 255);
insert into authority_module_operations (operation_id, module_id) values (4, 640);
insert into authority_module_operations (operation_id, module_id) values (81, 640);
insert into authority_module_operations (operation_id, module_id) values (82, 640);
insert into authority_module_operations (operation_id, module_id) values (4, 599);
insert into authority_module_operations (operation_id, module_id) values (88, 599);
insert into authority_module_operations (operation_id, module_id) values (89, 599);
insert into authority_module_operations (operation_id, module_id) values (1, 262);
insert into authority_module_operations (operation_id, module_id) values (2, 262);
insert into authority_module_operations (operation_id, module_id) values (3, 262);
insert into authority_module_operations (operation_id, module_id) values (4, 262);
insert into authority_module_operations (operation_id, module_id) values (6, 262);
insert into authority_module_operations (operation_id, module_id) values (7, 262);
insert into authority_module_operations (operation_id, module_id) values (98, 262);
insert into authority_module_operations (operation_id, module_id) values (4, 639);
insert into authority_module_operations (operation_id, module_id) values (4, 298);
insert into authority_module_operations (operation_id, module_id) values (4, 442);
insert into authority_module_operations (operation_id, module_id) values (4, 671);
insert into authority_module_operations (operation_id, module_id) values (1, 637);
insert into authority_module_operations (operation_id, module_id) values (3, 637);
insert into authority_module_operations (operation_id, module_id) values (4, 637);
insert into authority_module_operations (operation_id, module_id) values (7, 637);
insert into authority_module_operations (operation_id, module_id) values (31, 637);
insert into authority_module_operations (operation_id, module_id) values (32, 637);
insert into authority_module_operations (operation_id, module_id) values (1, 573);
insert into authority_module_operations (operation_id, module_id) values (2, 573);
insert into authority_module_operations (operation_id, module_id) values (3, 573);
insert into authority_module_operations (operation_id, module_id) values (4, 573);
insert into authority_module_operations (operation_id, module_id) values (5, 573);
insert into authority_module_operations (operation_id, module_id) values (6, 573);
insert into authority_module_operations (operation_id, module_id) values (7, 573);
insert into authority_module_operations (operation_id, module_id) values (8, 573);
insert into authority_module_operations (operation_id, module_id) values (9, 573);
insert into authority_module_operations (operation_id, module_id) values (10, 573);
insert into authority_module_operations (operation_id, module_id) values (31, 573);
insert into authority_module_operations (operation_id, module_id) values (32, 573);
insert into authority_module_operations (operation_id, module_id) values (105, 573);
insert into authority_module_operations (operation_id, module_id) values (1, 572);
insert into authority_module_operations (operation_id, module_id) values (2, 572);
insert into authority_module_operations (operation_id, module_id) values (3, 572);
insert into authority_module_operations (operation_id, module_id) values (4, 572);
insert into authority_module_operations (operation_id, module_id) values (5, 572);
insert into authority_module_operations (operation_id, module_id) values (6, 572);
insert into authority_module_operations (operation_id, module_id) values (7, 572);
insert into authority_module_operations (operation_id, module_id) values (31, 572);
insert into authority_module_operations (operation_id, module_id) values (32, 572);
insert into authority_module_operations (operation_id, module_id) values (1, 291);
insert into authority_module_operations (operation_id, module_id) values (2, 291);
insert into authority_module_operations (operation_id, module_id) values (3, 291);
insert into authority_module_operations (operation_id, module_id) values (4, 291);
insert into authority_module_operations (operation_id, module_id) values (6, 291);
insert into authority_module_operations (operation_id, module_id) values (7, 291);
insert into authority_module_operations (operation_id, module_id) values (27, 291);
insert into authority_module_operations (operation_id, module_id) values (100, 291);
insert into authority_module_operations (operation_id, module_id) values (4, 654);
insert into authority_module_operations (operation_id, module_id) values (1, 641);
insert into authority_module_operations (operation_id, module_id) values (3, 641);
insert into authority_module_operations (operation_id, module_id) values (4, 641);
insert into authority_module_operations (operation_id, module_id) values (7, 641);
insert into authority_module_operations (operation_id, module_id) values (1, 343);
insert into authority_module_operations (operation_id, module_id) values (3, 343);
insert into authority_module_operations (operation_id, module_id) values (4, 343);
insert into authority_module_operations (operation_id, module_id) values (6, 343);
insert into authority_module_operations (operation_id, module_id) values (7, 343);
insert into authority_module_operations (operation_id, module_id) values (55, 343);
insert into authority_module_operations (operation_id, module_id) values (103, 343);
insert into authority_module_operations (operation_id, module_id) values (4, 317);

commit;
