delete from authority_menu where SYSTEM_ID = 14;
commit;
insert into AUTHORITY_MENU (menu_id, menu_name, parent_id, remark, menu_sort, menu_type, menu_isleaf, menu_flag, menu_level, system_id, menu_code) values (46, '零售-FAS', 1, null, 1, null, null, null, 2, 14, null);
insert into AUTHORITY_MENU (menu_id, menu_name, parent_id, remark, menu_sort, menu_type, menu_isleaf, menu_flag, menu_level, system_id, menu_code) values (64, '总部结算', 46, '', 1, null, null, null, null, 14, 30500000);
insert into AUTHORITY_MENU (menu_id, menu_name, parent_id, remark, menu_sort, menu_type, menu_isleaf, menu_flag, menu_level, system_id, menu_code) values (338, '基础数据设置', 46, '', 5, null, null, null, null, 14, 30100000);
insert into AUTHORITY_MENU (menu_id, menu_name, parent_id, remark, menu_sort, menu_type, menu_isleaf, menu_flag, menu_level, system_id, menu_code) values (339, '结算路径设置', 338, '', 2, null, null, null, null, 14, 30110000);
insert into AUTHORITY_MENU (menu_id, menu_name, parent_id, remark, menu_sort, menu_type, menu_isleaf, menu_flag, menu_level, system_id, menu_code) values (340, '成本与价格维护', 46, '', 4, null, null, null, null, 14, 30120000);
insert into AUTHORITY_MENU (menu_id, menu_name, parent_id, remark, menu_sort, menu_type, menu_isleaf, menu_flag, menu_level, system_id, menu_code) values (346, '存货成本核算', 340, '', 1, null, null, null, null, 14, 30120100);
insert into AUTHORITY_MENU (menu_id, menu_name, parent_id, remark, menu_sort, menu_type, menu_isleaf, menu_flag, menu_level, system_id, menu_code) values (347, '价格维护', 340, '', 3, null, null, null, null, 14, 30120200);
insert into AUTHORITY_MENU (menu_id, menu_name, parent_id, remark, menu_sort, menu_type, menu_isleaf, menu_flag, menu_level, system_id, menu_code) values (353, '基础设置', 338, '', 1, null, null, null, null, 14, 30120000);
insert into AUTHORITY_MENU (menu_id, menu_name, parent_id, remark, menu_sort, menu_type, menu_isleaf, menu_flag, menu_level, system_id, menu_code) values (999, '总部批发结算', 7453, '', 3, null, null, null, null, 14, 39166000);
insert into AUTHORITY_MENU (menu_id, menu_name, parent_id, remark, menu_sort, menu_type, menu_isleaf, menu_flag, menu_level, system_id, menu_code) values (7448, '地区结算', 46, '', 3, null, null, null, null, 14, 30510000);
insert into AUTHORITY_MENU (menu_id, menu_name, parent_id, remark, menu_sort, menu_type, menu_isleaf, menu_flag, menu_level, system_id, menu_code) values (7449, '总部发票', 64, '', 3, null, null, null, null, 14, 30500300);
insert into AUTHORITY_MENU (menu_id, menu_name, parent_id, remark, menu_sort, menu_type, menu_isleaf, menu_flag, menu_level, system_id, menu_code) values (7453, '总部应收', 64, '', 1, null, null, null, null, 14, 30500100);
insert into AUTHORITY_MENU (menu_id, menu_name, parent_id, remark, menu_sort, menu_type, menu_isleaf, menu_flag, menu_level, system_id, menu_code) values (7456, '地区应收', 7448, '', 1, null, null, null, null, 14, 30510100);
insert into AUTHORITY_MENU (menu_id, menu_name, parent_id, remark, menu_sort, menu_type, menu_isleaf, menu_flag, menu_level, system_id, menu_code) values (7457, '总部报表', 64, '', 4, null, null, null, null, 14, 30500400);
insert into AUTHORITY_MENU (menu_id, menu_name, parent_id, remark, menu_sort, menu_type, menu_isleaf, menu_flag, menu_level, system_id, menu_code) values (7468, '总部应付', 64, '', 2, null, null, null, null, 14, 30500200);
insert into AUTHORITY_MENU (menu_id, menu_name, parent_id, remark, menu_sort, menu_type, menu_isleaf, menu_flag, menu_level, system_id, menu_code) values (7473, '地区发票', 7448, '', 3, null, null, null, null, 14, 30510300);
insert into AUTHORITY_MENU (menu_id, menu_name, parent_id, remark, menu_sort, menu_type, menu_isleaf, menu_flag, menu_level, system_id, menu_code) values (7474, '地区报表', 7448, '', 4, null, null, null, null, 14, 30510400);
insert into AUTHORITY_MENU (menu_id, menu_name, parent_id, remark, menu_sort, menu_type, menu_isleaf, menu_flag, menu_level, system_id, menu_code) values (7475, '地区间结算(应收)', 7456, '', 4, null, null, null, null, 14, 30141000);
insert into AUTHORITY_MENU (menu_id, menu_name, parent_id, remark, menu_sort, menu_type, menu_isleaf, menu_flag, menu_level, system_id, menu_code) values (7483, '地区间结算(应付)', 7496, '', 2, null, null, null, null, 14, 30133000);
insert into AUTHORITY_MENU (menu_id, menu_name, parent_id, remark, menu_sort, menu_type, menu_isleaf, menu_flag, menu_level, system_id, menu_code) values (7488, '地区采购结算(总部统采)', 7496, '', 1, null, null, null, null, 14, 30132000);
insert into AUTHORITY_MENU (menu_id, menu_name, parent_id, remark, menu_sort, menu_type, menu_isleaf, menu_flag, menu_level, system_id, menu_code) values (7489, '内购结算', 7456, '', 6, null, null, null, null, 14, 30190000);
insert into AUTHORITY_MENU (menu_id, menu_name, parent_id, remark, menu_sort, menu_type, menu_isleaf, menu_flag, menu_level, system_id, menu_code) values (7490, '地区门店结算', 7456, '', 1, null, null, null, null, 14, 30150000);
insert into AUTHORITY_MENU (menu_id, menu_name, parent_id, remark, menu_sort, menu_type, menu_isleaf, menu_flag, menu_level, system_id, menu_code) values (7496, '地区应付', 7448, '', 2, null, null, null, null, 14, 30510200);
insert into AUTHORITY_MENU (menu_id, menu_name, parent_id, remark, menu_sort, menu_type, menu_isleaf, menu_flag, menu_level, system_id, menu_code) values (7498, '自收银管理', 7456, '', 3, null, null, null, null, 14, 30170000);
insert into AUTHORITY_MENU (menu_id, menu_name, parent_id, remark, menu_sort, menu_type, menu_isleaf, menu_flag, menu_level, system_id, menu_code) values (7499, '地区自购结算', 7496, '', 5, null, null, null, null, 14, 30134000);
insert into AUTHORITY_MENU (menu_id, menu_name, parent_id, remark, menu_sort, menu_type, menu_isleaf, menu_flag, menu_level, system_id, menu_code) values (7501, '总部地区结算(总部统采)', 7453, '', 1, null, null, null, null, 14, 30144500);
insert into AUTHORITY_MENU (menu_id, menu_name, parent_id, remark, menu_sort, menu_type, menu_isleaf, menu_flag, menu_level, system_id, menu_code) values (7503, '总部其他入库结算', 7468, '', 2, null, null, null, null, 14, 30130100);
insert into AUTHORITY_MENU (menu_id, menu_name, parent_id, remark, menu_sort, menu_type, menu_isleaf, menu_flag, menu_level, system_id, menu_code) values (7504, '地区其他出库结算', 7456, '', 7, null, null, null, null, 14, 30180000);
insert into AUTHORITY_MENU (menu_id, menu_name, parent_id, remark, menu_sort, menu_type, menu_isleaf, menu_flag, menu_level, system_id, menu_code) values (7516, '总部厂商结算', 7468, '', 1, null, null, null, null, 14, 30130000);
insert into AUTHORITY_MENU (menu_id, menu_name, parent_id, remark, menu_sort, menu_type, menu_isleaf, menu_flag, menu_level, system_id, menu_code) values (7519, '地区批发结算', 7456, '', 5, null, null, null, null, 14, 30166000);
insert into AUTHORITY_MENU (menu_id, menu_name, parent_id, remark, menu_sort, menu_type, menu_isleaf, menu_flag, menu_level, system_id, menu_code) values (10421, '总部代采结算', 46, '', 2, null, null, null, null, 14, 30520000);
insert into AUTHORITY_MENU (menu_id, menu_name, parent_id, remark, menu_sort, menu_type, menu_isleaf, menu_flag, menu_level, system_id, menu_code) values (10446, '总部代采购结算', 10456, '', 1, null, null, null, null, 14, 30520012);
insert into AUTHORITY_MENU (menu_id, menu_name, parent_id, remark, menu_sort, menu_type, menu_isleaf, menu_flag, menu_level, system_id, menu_code) values (10456, '代采应付', 10421, '', 1, null, null, null, null, 14, 30520011);
insert into AUTHORITY_MENU (menu_id, menu_name, parent_id, remark, menu_sort, menu_type, menu_isleaf, menu_flag, menu_level, system_id, menu_code) values (13827, '总部代采(地区应付)', 7496, '', 4, null, null, null, null, 14, 30160000);
insert into AUTHORITY_MENU (menu_id, menu_name, parent_id, remark, menu_sort, menu_type, menu_isleaf, menu_flag, menu_level, system_id, menu_code) values (19813, '门店结算设置', 7456, '', 2, null, null, null, null, 14, 30250000);
insert into AUTHORITY_MENU (menu_id, menu_name, parent_id, remark, menu_sort, menu_type, menu_isleaf, menu_flag, menu_level, system_id, menu_code) values (45545, '巴罗克总部厂商结算', 7468, '', 4, null, null, null, null, 14, 30130300);
insert into AUTHORITY_MENU (menu_id, menu_name, parent_id, remark, menu_sort, menu_type, menu_isleaf, menu_flag, menu_level, system_id, menu_code) values (49868, '总部其他出库结算', 7453, '', 2, null, null, null, null, 14, 30520015);
insert into AUTHORITY_MENU (menu_id, menu_name, parent_id, remark, menu_sort, menu_type, menu_isleaf, menu_flag, menu_level, system_id, menu_code) values (49869, '地区其他入库结算', 7496, '', 3, null, null, null, null, 14, 30520016);
insert into AUTHORITY_MENU (menu_id, menu_name, parent_id, remark, menu_sort, menu_type, menu_isleaf, menu_flag, menu_level, system_id, menu_code) values (70329, '数据管理', 338, '', 3, null, null, null, null, 14, 30130000);
insert into AUTHORITY_MENU (menu_id, menu_name, parent_id, remark, menu_sort, menu_type, menu_isleaf, menu_flag, menu_level, system_id, menu_code) values (371861, '体总厂商结算', 7468, '', 3, null, null, null, null, 14, 30130200);
insert into AUTHORITY_MENU (menu_id, menu_name, parent_id, remark, menu_sort, menu_type, menu_isleaf, menu_flag, menu_level, system_id, menu_code) values (639387, '成本核算(BLK)', 340, '', 2, null, null, null, null, 14, 30120300);
commit;
delete from AUTHORITY_MODULE where SYSTEM_ID = 14;
commit;
insert into AUTHORITY_MODULE (module_id, module_name, module_code, module_url, remark, module_sort, system_id) values (247, 'BS-科目设置', 30100001, 'base_setting/accounting_subject/list', '', 11, 14);
insert into AUTHORITY_MODULE (module_id, module_name, module_code, module_url, remark, module_sort, system_id) values (249, 'SP-供应商组设置', 30120011, 'supplier_group/list', '供应商组', 4, 14);
insert into AUTHORITY_MODULE (module_id, module_name, module_code, module_url, remark, module_sort, system_id) values (251, 'BS-辅助项目类型', 30100002, 'base_setting/assist_project_type/list', '', 12, 14);
insert into AUTHORITY_MODULE (module_id, module_name, module_code, module_url, remark, module_sort, system_id) values (252, 'BS-辅助项目', 30100003, 'base_setting/assist_project/list', '', 13, 14);
insert into AUTHORITY_MODULE (module_id, module_name, module_code, module_url, remark, module_sort, system_id) values (253, 'IC-成本核算', 30120001, 'item_cost/list', '单位成本维护', 6, 14);
insert into AUTHORITY_MODULE (module_id, module_name, module_code, module_url, remark, module_sort, system_id) values (255, 'IC-公司结账日设置', 30120003, 'company_settle_period/list', '', 2, 14);
insert into AUTHORITY_MODULE (module_id, module_name, module_code, module_url, remark, module_sort, system_id) values (257, 'IC-期间结存查询', 30120005, 'period_balance/list', '', 8, 14);
insert into AUTHORITY_MODULE (module_id, module_name, module_code, module_url, remark, module_sort, system_id) values (258, 'BS-公司账套维护', 30100004, 'base_setting/financial_account/list', '', 3, 14);
insert into AUTHORITY_MODULE (module_id, module_name, module_code, module_url, remark, module_sort, system_id) values (259, 'MS-总账费用类别', 30140001, 'cost_category/list', '', 1, 14);
insert into AUTHORITY_MODULE (module_id, module_name, module_code, module_url, remark, module_sort, system_id) values (260, 'MS-扣费类别', 30140002, 'mall_deduction_set/list', '', 2, 14);
insert into AUTHORITY_MODULE (module_id, module_name, module_code, module_url, remark, module_sort, system_id) values (261, 'BS-结算公司查询', 30100008, 'base_setting/company/list', '', 1, 14);
insert into AUTHORITY_MODULE (module_id, module_name, module_code, module_url, remark, module_sort, system_id) values (262, 'MS-费用管理', 30140003, 'bill_shop_balance_deduct/list', '', 2, 14);
insert into AUTHORITY_MODULE (module_id, module_name, module_code, module_url, remark, module_sort, system_id) values (263, 'GS01-结算日设置', 30140005, 'balance_date_type2/list_receivable.htm', '', 1, 14);
insert into AUTHORITY_MODULE (module_id, module_name, module_code, module_url, remark, module_sort, system_id) values (264, 'GS02-初始应收余额', 30140012, 'initial_amount_type2/list_receivable.htm', '', 2, 14);
insert into AUTHORITY_MODULE (module_id, module_name, module_code, module_url, remark, module_sort, system_id) values (265, 'GP-结算日设置', 30130001, 'balance_date_type1/list_payable.htm', '', 1, 14);
insert into AUTHORITY_MODULE (module_id, module_name, module_code, module_url, remark, module_sort, system_id) values (266, 'GP-初始应付余额', 30130002, 'initial_amount_type1/list_payable.htm', '', 2, 14);
insert into AUTHORITY_MODULE (module_id, module_name, module_code, module_url, remark, module_sort, system_id) values (267, 'PM-总部加价规则', 30120013, 'headquarter_price_rule/list', '总部加价规则', 3, 14);
insert into AUTHORITY_MODULE (module_id, module_name, module_code, module_url, remark, module_sort, system_id) values (268, 'PM-地区加价规则', 30120014, 'region_price_rule/list', '地区加价规则', 4, 14);
insert into AUTHORITY_MODULE (module_id, module_name, module_code, module_url, remark, module_sort, system_id) values (269, 'PM-总部价格维护', 30120015, 'headquarter_cost_maintain/list', '总部价格维护', 5, 14);
insert into AUTHORITY_MODULE (module_id, module_name, module_code, module_url, remark, module_sort, system_id) values (270, 'PM-地区价格维护', 30120016, 'region_cost_maintain/list', '地区价格维护', 6, 14);
insert into AUTHORITY_MODULE (module_id, module_name, module_code, module_url, remark, module_sort, system_id) values (271, 'MS-销售明细', 30140004, 'mall_shopsorderd/list', '', 3, 14);
insert into AUTHORITY_MODULE (module_id, module_name, module_code, module_url, remark, module_sort, system_id) values (272, 'SP-结算大类设置', 30111001, 'settle_category/list', '', 1, 14);
insert into AUTHORITY_MODULE (module_id, module_name, module_code, module_url, remark, module_sort, system_id) values (273, '销售汇总', 30140006, 'mall_shopsorderd/listSum', '', 8, 14);
insert into AUTHORITY_MODULE (module_id, module_name, module_code, module_url, remark, module_sort, system_id) values (274, 'SP-新旧款设置', 30112001, 'settle_new_style/list', '', 2, 14);
insert into AUTHORITY_MODULE (module_id, module_name, module_code, module_url, remark, module_sort, system_id) values (275, 'SP-品牌组设置', 30113001, 'settle_brand_group/list', '', 3, 14);
insert into AUTHORITY_MODULE (module_id, module_name, module_code, module_url, remark, module_sort, system_id) values (276, 'SP-结算路径设置', 30114001, 'settle_path/list', '', 5, 14);
insert into AUTHORITY_MODULE (module_id, module_name, module_code, module_url, remark, module_sort, system_id) values (277, 'MS-结算单', 30140007, 'mall_shopbalance/list', '', 5, 14);
insert into AUTHORITY_MODULE (module_id, module_name, module_code, module_url, remark, module_sort, system_id) values (282, 'BS-结算方式设置', 30100005, 'base_setting/settle_method/list', '', 16, 14);
insert into AUTHORITY_MODULE (module_id, module_name, module_code, module_url, remark, module_sort, system_id) values (283, 'BS-币种管理', 30100006, 'base_setting/currency_management/list', '', 8, 14);
insert into AUTHORITY_MODULE (module_id, module_name, module_code, module_url, remark, module_sort, system_id) values (284, 'SP-拆单日志查询', 30115001, 'bill_split_log/list', '', 6, 14);
insert into AUTHORITY_MODULE (module_id, module_name, module_code, module_url, remark, module_sort, system_id) values (285, 'BS-付款条款', 30100009, 'base_setting/payment_term/list', '', 15, 14);
insert into AUTHORITY_MODULE (module_id, module_name, module_code, module_url, remark, module_sort, system_id) values (286, 'PM-采购价目表查询', 30120010, 'factory_price_maintain/list', '采购价目表查询', 2, 14);
insert into AUTHORITY_MODULE (module_id, module_name, module_code, module_url, remark, module_sort, system_id) values (287, 'BS-凭证类型', 30100012, 'base_setting/voucher_type/list', '', 14, 14);
insert into AUTHORITY_MODULE (module_id, module_name, module_code, module_url, remark, module_sort, system_id) values (288, 'HS-结算单', 30130006, 'bill_balance/type1/buy_balance.htm?balanceType=1', '', 3, 14);
insert into AUTHORITY_MODULE (module_id, module_name, module_code, module_url, remark, module_sort, system_id) values (289, 'HS-结算单汇总表', 30130007, 'bill_balance/type1_gather/buy_list_gather.htm', '', 4, 14);
insert into AUTHORITY_MODULE (module_id, module_name, module_code, module_url, remark, module_sort, system_id) values (290, 'HS-入库明细表', 30130005, 'bill_balance/type1_detial/buy_list_enter.htm', '', 2, 14);
insert into AUTHORITY_MODULE (module_id, module_name, module_code, module_url, remark, module_sort, system_id) values (291, 'BS-开票信息维护', 30100013, 'base_setting/invoice_info_set/list', '', 4, 14);
insert into AUTHORITY_MODULE (module_id, module_name, module_code, module_url, remark, module_sort, system_id) values (292, 'MS-差异类型', 301400011, 'mall_shopbalancedifftype/list', '', 3, 14);
insert into AUTHORITY_MODULE (module_id, module_name, module_code, module_url, remark, module_sort, system_id) values (293, 'MS-发票模板', 30140009, 'invoice_template_set/list', '', 5, 14);
insert into AUTHORITY_MODULE (module_id, module_name, module_code, module_url, remark, module_sort, system_id) values (296, 'MS-收款回款拆分', 30140013, 'bill_backsection_split/list', '', 8, 14);
insert into AUTHORITY_MODULE (module_id, module_name, module_code, module_url, remark, module_sort, system_id) values (297, 'AU-采购入库明细表', 30132001, 'bill_balance/type4_detail/area_list_enter.htm', '', 1, 14);
insert into AUTHORITY_MODULE (module_id, module_name, module_code, module_url, remark, module_sort, system_id) values (298, 'AB-调货明细表', 30132002, 'area_among_transfer/transfer?atoa=yf', '', 1, 14);
insert into AUTHORITY_MODULE (module_id, module_name, module_code, module_url, remark, module_sort, system_id) values (299, 'AM-入库明细表', 30134001, 'area_private_purchase/purchase_in_list', '', 2, 14);
insert into AUTHORITY_MODULE (module_id, module_name, module_code, module_url, remark, module_sort, system_id) values (300, 'AU-采购入库汇总表', 30132005, 'bill_balance/type4_gather/area_list_gather.htm', '', 2, 14);
insert into AUTHORITY_MODULE (module_id, module_name, module_code, module_url, remark, module_sort, system_id) values (303, 'AS-结算单', 30133003, 'area_among_balance/balance_bill', '', 4, 14);
insert into AUTHORITY_MODULE (module_id, module_name, module_code, module_url, remark, module_sort, system_id) values (304, 'HS-其他扣项', 30130003, 'other_deduction_type1/list.htm?balanceType=1', '', 1, 14);
insert into AUTHORITY_MODULE (module_id, module_name, module_code, module_url, remark, module_sort, system_id) values (305, 'PM-加价规则匹配异常', 30120021, 'rule_match_fail/list', '', 7, 14);
insert into AUTHORITY_MODULE (module_id, module_name, module_code, module_url, remark, module_sort, system_id) values (306, 'HU-出库明细表', 30140020, 'bill_balance/type2_detial/sale_list_out.htm', '', 1, 14);
insert into AUTHORITY_MODULE (module_id, module_name, module_code, module_url, remark, module_sort, system_id) values (307, 'HU-结算单', 30140021, 'bill_balance/type2/sale_balance.htm?balanceType=2', '', 2, 14);
insert into AUTHORITY_MODULE (module_id, module_name, module_code, module_url, remark, module_sort, system_id) values (308, 'HU-结算单汇总表', 30140022, 'bill_balance/type2_gather/sale_list_gather.htm', '', 3, 14);
insert into AUTHORITY_MODULE (module_id, module_name, module_code, module_url, remark, module_sort, system_id) values (310, '成本异常单据查询', 30120022, 'cost_exception_bill/list', '', 6, 14);
insert into AUTHORITY_MODULE (module_id, module_name, module_code, module_url, remark, module_sort, system_id) values (311, 'AW-收款条款', 30160001, 'wholesale_rece_term/list?balanceType=7', '', 1, 14);
insert into AUTHORITY_MODULE (module_id, module_name, module_code, module_url, remark, module_sort, system_id) values (313, 'AW-批发销售明细表', 30160011, 'bill_balance_zone_detail/listBillDtl?balanceType=7', '', 8, 14);
insert into AUTHORITY_MODULE (module_id, module_name, module_code, module_url, remark, module_sort, system_id) values (315, 'AW-结算单', 30160013, 'bill_balance_zone/list?balanceType=7', '', 7, 14);
insert into AUTHORITY_MODULE (module_id, module_name, module_code, module_url, remark, module_sort, system_id) values (317, 'HE-入库明细表', 30170001, 'hq_other_stock_in_dtl/other_in', '', 1, 14);
insert into AUTHORITY_MODULE (module_id, module_name, module_code, module_url, remark, module_sort, system_id) values (320, '拆单数据源查询', 30116001, 'split_data_source/list', '', 6, 14);
insert into AUTHORITY_MODULE (module_id, module_name, module_code, module_url, remark, module_sort, system_id) values (321, 'AO-出库明细表', 30180010, 'other_stock_out_dtl/other_out', '', 1, 14);
insert into AUTHORITY_MODULE (module_id, module_name, module_code, module_url, remark, module_sort, system_id) values (322, 'AO-结算单', 30180020, 'area_other_stock_out_balance/balance_bill', '', 2, 14);
insert into AUTHORITY_MODULE (module_id, module_name, module_code, module_url, remark, module_sort, system_id) values (326, 'AW-收款单', 30160006, 'bill_pre_payment_nt/list?balanceType=7', '', 3, 14);
insert into AUTHORITY_MODULE (module_id, module_name, module_code, module_url, remark, module_sort, system_id) values (327, 'AW-客户订单余额', 30160007, 'wholesale_prepay_warn/list?balanceType=7', '', 6, 14);
insert into AUTHORITY_MODULE (module_id, module_name, module_code, module_url, remark, module_sort, system_id) values (329, 'AM-结算单', 30134003, 'area_private_purchase_balance/balance_bill', '', 3, 14);
insert into AUTHORITY_MODULE (module_id, module_name, module_code, module_url, remark, module_sort, system_id) values (332, 'IP-预收款单', 30190010, 'groupon_prepayment/list', '', 1, 14);
insert into AUTHORITY_MODULE (module_id, module_name, module_code, module_url, remark, module_sort, system_id) values (333, 'IP-团购活动跟踪', 30190050, 'groupon_summary/list', '', 5, 14);
insert into AUTHORITY_MODULE (module_id, module_name, module_code, module_url, remark, module_sort, system_id) values (334, '批发销售明细表', 30160008, 'bill_sale_out_dtl/list', '', 8, 14);
insert into AUTHORITY_MODULE (module_id, module_name, module_code, module_url, remark, module_sort, system_id) values (335, 'SC-店铺信息管理', 30170002, 'self_shop_bank_info/list', '', 1, 14);
insert into AUTHORITY_MODULE (module_id, module_name, module_code, module_url, remark, module_sort, system_id) values (336, 'SC-店铺日报表', 30170000, 'self_shop_day_report_new/list', '', 5, 14);
insert into AUTHORITY_MODULE (module_id, module_name, module_code, module_url, remark, module_sort, system_id) values (343, 'MS-结算期管理', 3140000, 'shop_balance_date/list', '', 1, 14);
insert into AUTHORITY_MODULE (module_id, module_name, module_code, module_url, remark, module_sort, system_id) values (350, 'BS-货管单位查询', 30100007, 'order_unit/list', '', 2, 14);
insert into AUTHORITY_MODULE (module_id, module_name, module_code, module_url, remark, module_sort, system_id) values (394, 'AW-客户-收款条款', 301600020, 'customer_rece_rel/list?balanceType=7', '', 2, 14);
insert into AUTHORITY_MODULE (module_id, module_name, module_code, module_url, remark, module_sort, system_id) values (436, 'AM-其他扣项', 30134004, 'other_deduction/area_purchase/list.htm?balanceType=6', '', 1, 14);
insert into AUTHORITY_MODULE (module_id, module_name, module_code, module_url, remark, module_sort, system_id) values (442, 'AS-调货明细表', 30133006, 'area_among_transfer/transfer?atoa=ys&senda=no', '', 2, 14);
insert into AUTHORITY_MODULE (module_id, module_name, module_code, module_url, remark, module_sort, system_id) values (443, 'HI-发票登记', 30140030, 'invoice_register/hq/listInvoiceRegister?isHQ=true', '', 5, 14);
insert into AUTHORITY_MODULE (module_id, module_name, module_code, module_url, remark, module_sort, system_id) values (444, 'HI-开票申请', 30140031, 'invoice_apply/hq/bill_balance_invoice_apply?isHQ=true', '', 4, 14);
insert into AUTHORITY_MODULE (module_id, module_name, module_code, module_url, remark, module_sort, system_id) values (448, 'SC-店铺销售明细', 30170013, 'shop_sale_detail/list', '', 12, 14);
insert into AUTHORITY_MODULE (module_id, module_name, module_code, module_url, remark, module_sort, system_id) values (449, 'IP-内购明细', 30190020, 'inner_buy_detail/to_list', '', 2, 14);
insert into AUTHORITY_MODULE (module_id, module_name, module_code, module_url, remark, module_sort, system_id) values (490, 'AI-到票确认', 30180001, 'invoice_confirm/area/list?sign=area', '', 7, 14);
insert into AUTHORITY_MODULE (module_id, module_name, module_code, module_url, remark, module_sort, system_id) values (498, 'HI-请款单', 30300001, 'bill_ask_payment/hq/list.htm?isHQ=true', '', 1, 14);
insert into AUTHORITY_MODULE (module_id, module_name, module_code, module_url, remark, module_sort, system_id) values (499, 'HI-采购发票', 30300002, 'bill_invoice/hq/list.htm?isHQ=true', '', 2, 14);
insert into AUTHORITY_MODULE (module_id, module_name, module_code, module_url, remark, module_sort, system_id) values (500, 'HI-付款单', 30300003, 'bill_payment/hq/list.htm?isHQ=true', '', 3, 14);
insert into AUTHORITY_MODULE (module_id, module_name, module_code, module_url, remark, module_sort, system_id) values (557, 'BS-财务大类设置', 30100014, 'financial_category/list', '', 6, 14);
insert into AUTHORITY_MODULE (module_id, module_name, module_code, module_url, remark, module_sort, system_id) values (558, 'MS-店铺收银统计', 30140018, 'bill_shop_balance_daysale_sum/listType', '', 9, 14);
insert into AUTHORITY_MODULE (module_id, module_name, module_code, module_url, remark, module_sort, system_id) values (561, 'MS-结算单差异查询', 30140014, 'bill_shop_balance_diff/list', '', 6, 14);
insert into AUTHORITY_MODULE (module_id, module_name, module_code, module_url, remark, module_sort, system_id) values (565, 'MS-结算差异方式设置', 30140016, 'bill_shop_balance_set/list', '', 4, 14);
insert into AUTHORITY_MODULE (module_id, module_name, module_code, module_url, remark, module_sort, system_id) values (566, 'AI-付款单', 30300004, 'bill_payment/area/list.htm', '', 3, 14);
insert into AUTHORITY_MODULE (module_id, module_name, module_code, module_url, remark, module_sort, system_id) values (567, 'AI-请款单', 30300009, 'bill_ask_payment/area/list.htm', '', 1, 14);
insert into AUTHORITY_MODULE (module_id, module_name, module_code, module_url, remark, module_sort, system_id) values (568, 'AI-采购发票', 30300008, 'bill_invoice/area/list.htm', '', 2, 14);
insert into AUTHORITY_MODULE (module_id, module_name, module_code, module_url, remark, module_sort, system_id) values (572, 'AI-发票登记', 30300005, 'invoice_register/area/listInvoiceRegister', '', 6, 14);
insert into AUTHORITY_MODULE (module_id, module_name, module_code, module_url, remark, module_sort, system_id) values (573, 'AI-开票申请', 30300011, 'invoice_apply/area/bill_balance_invoice_apply', '', 5, 14);
insert into AUTHORITY_MODULE (module_id, module_name, module_code, module_url, remark, module_sort, system_id) values (575, 'HR-总部地区明细对账表', 30500401, 'report/list.htm?type=3', '', 3, 14);
insert into AUTHORITY_MODULE (module_id, module_name, module_code, module_url, remark, module_sort, system_id) values (576, 'HI-到票确认', 30180002, 'invoice_confirm/hq/list?sign=hq', '', 6, 14);
insert into AUTHORITY_MODULE (module_id, module_name, module_code, module_url, remark, module_sort, system_id) values (577, 'AB-结算单确认', 30132003, 'area_among_pay/payment_bill', '', 2, 14);
insert into AUTHORITY_MODULE (module_id, module_name, module_code, module_url, remark, module_sort, system_id) values (578, 'HE-结算单确认', 30170004, 'hq_other_stock_in_balance/balance_bill', '', 2, 14);
insert into AUTHORITY_MODULE (module_id, module_name, module_code, module_url, remark, module_sort, system_id) values (579, 'AU-结算单确认', 30132009, 'bill_balance/type4/sale_balance.htm?isArea=true', '', 3, 14);
insert into AUTHORITY_MODULE (module_id, module_name, module_code, module_url, remark, module_sort, system_id) values (583, 'MS-店铺开票规则', 30100015, 'shop_group/list.htm', '', 6, 14);
insert into AUTHORITY_MODULE (module_id, module_name, module_code, module_url, remark, module_sort, system_id) values (585, 'HP-其他扣项', 30520013, 'other_deduction/hq_inSteadOf/list.htm?balanceType=13', '', 1, 14);
insert into AUTHORITY_MODULE (module_id, module_name, module_code, module_url, remark, module_sort, system_id) values (586, 'HP-采购明细表', 30520014, 'hq_insteadOf_buy/hq/out_list?sign=hq', '', 2, 14);
insert into AUTHORITY_MODULE (module_id, module_name, module_code, module_url, remark, module_sort, system_id) values (587, 'HP-结算单', 30520015, 'hq_insteadOf_buy_balance/balance_bill', '', 4, 14);
insert into AUTHORITY_MODULE (module_id, module_name, module_code, module_url, remark, module_sort, system_id) values (593, 'IP-内购结算期', 30200010, 'inside_purchase_balance_date/list', '', 3, 14);
insert into AUTHORITY_MODULE (module_id, module_name, module_code, module_url, remark, module_sort, system_id) values (594, 'SC-店铺月报表', 30170020, 'self_shop_month_report/list', '', 6, 14);
insert into AUTHORITY_MODULE (module_id, module_name, module_code, module_url, remark, module_sort, system_id) values (595, 'AI-生成开票申请', 30300300, 'bill_invoice_apply_generate/list', '', 4, 14);
insert into AUTHORITY_MODULE (module_id, module_name, module_code, module_url, remark, module_sort, system_id) values (599, 'IC-价格异常检查', 30120033, 'exception_price_check/list', '', 4, 14);
insert into AUTHORITY_MODULE (module_id, module_name, module_code, module_url, remark, module_sort, system_id) values (607, 'MS-结算差异跟踪', 30140019, 'bill_shop_balance_diff/diffTrack', '', 7, 14);
insert into AUTHORITY_MODULE (module_id, module_name, module_code, module_url, remark, module_sort, system_id) values (618, 'HR-总部厂商明细对账表', 30500402, 'report/list.htm?type=1', '', 1, 14);
insert into AUTHORITY_MODULE (module_id, module_name, module_code, module_url, remark, module_sort, system_id) values (619, 'AR-销售汇总表', 30510402, 'bill_sales_sum/list', '', 1, 14);
insert into AUTHORITY_MODULE (module_id, module_name, module_code, module_url, remark, module_sort, system_id) values (620, 'AS-其他扣项', 30133008, 'other_deduction/area_among/list.htm?balanceType=5', '', 1, 14);
insert into AUTHORITY_MODULE (module_id, module_name, module_code, module_url, remark, module_sort, system_id) values (621, 'HR-总部厂商汇总对账表', 30500403, 'report/list.htm?type=2', '', 2, 14);
insert into AUTHORITY_MODULE (module_id, module_name, module_code, module_url, remark, module_sort, system_id) values (622, 'HR-总部地区汇总对账表', 30500404, 'report/list.htm?type=4', '', 4, 14);
insert into AUTHORITY_MODULE (module_id, module_name, module_code, module_url, remark, module_sort, system_id) values (634, 'SC-POS存现核对', 30170021, 'deposit_cash/list', '', 2, 14);
insert into AUTHORITY_MODULE (module_id, module_name, module_code, module_url, remark, module_sort, system_id) values (636, 'BS-内购业务类型', 30100016, 'inside_biz_type/list', '', 7, 14);
insert into AUTHORITY_MODULE (module_id, module_name, module_code, module_url, remark, module_sort, system_id) values (637, 'AW-其他扣项', 30160022, 'other_deduction_type7/list.htm?balanceType=7', '', 9, 14);
insert into AUTHORITY_MODULE (module_id, module_name, module_code, module_url, remark, module_sort, system_id) values (639, 'AP-采购明细表', 30161002, 'hq_insteadOf_buy/area/out_list?sign=area', '', 2, 14);
insert into AUTHORITY_MODULE (module_id, module_name, module_code, module_url, remark, module_sort, system_id) values (640, 'AP-结算单查询', 30161003, 'area_insteadOf_buy_balance/balance_bill', '', 4, 14);
insert into AUTHORITY_MODULE (module_id, module_name, module_code, module_url, remark, module_sort, system_id) values (641, 'AP-其他扣项', 30161001, 'other_deduction/area_inSteadOf/list.htm?balanceType=13&atoa=yf', '', 1, 14);
insert into AUTHORITY_MODULE (module_id, module_name, module_code, module_url, remark, module_sort, system_id) values (643, 'SC-发票统计表', 30170009, 'register_invoice/list', '', 13, 14);
insert into AUTHORITY_MODULE (module_id, module_name, module_code, module_url, remark, module_sort, system_id) values (644, 'PM-价格大区维护', 30120023, 'special_zone_info/list', '', 8, 14);
insert into AUTHORITY_MODULE (module_id, module_name, module_code, module_url, remark, module_sort, system_id) values (648, 'RR04-收款信息', 30133009, 'receivable_info/list.htm', '', 4, 14);
insert into AUTHORITY_MODULE (module_id, module_name, module_code, module_url, remark, module_sort, system_id) values (654, 'IC-店铺结存报表', 30120007, 'store_balance_report/list', '', 9, 14);
insert into AUTHORITY_MODULE (module_id, module_name, module_code, module_url, remark, module_sort, system_id) values (664, 'AR-销售回款分析', 30510401, 'bill_sales_outstanding_analysis/list', '', 3, 14);
insert into AUTHORITY_MODULE (module_id, module_name, module_code, module_url, remark, module_sort, system_id) values (671, 'AR-地区收发货对账', 30510403, 'transfering_check_area/transferingCheck?type=1&senda=no', '', 5, 14);
insert into AUTHORITY_MODULE (module_id, module_name, module_code, module_url, remark, module_sort, system_id) values (683, 'HP-采购入库明细表', 30520016, 'hq_insteadOf_buy/hq/entry_list?sign=hq', '', 3, 14);
insert into AUTHORITY_MODULE (module_id, module_name, module_code, module_url, remark, module_sort, system_id) values (684, 'AP-采购入库明细表', 30161004, 'hq_insteadOf_buy/area/entry_list?sign=area', '', 3, 14);
insert into AUTHORITY_MODULE (module_id, module_name, module_code, module_url, remark, module_sort, system_id) values (693, 'HR-总部收发货对账', 30510405, 'transfering_check_hq/transferingCheck?type=2&senda=no', '', 5, 14);
insert into AUTHORITY_MODULE (module_id, module_name, module_code, module_url, remark, module_sort, system_id) values (696, 'BS-系统参数设置', 30100018, 'base_setting/system_param_set/list', '', 5, 14);
insert into AUTHORITY_MODULE (module_id, module_name, module_code, module_url, remark, module_sort, system_id) values (703, 'BS-价格计算规则', 30100019, 'base_setting/cost_compute_rule/list', '', 5, 14);
insert into AUTHORITY_MODULE (module_id, module_name, module_code, module_url, remark, module_sort, system_id) values (815, 'IC-库存成本调整', 30120002, 'bill_inv_cost_adjust/list.htm?fromOut=1', '', 7, 14);
insert into AUTHORITY_MODULE (module_id, module_name, module_code, module_url, remark, module_sort, system_id) values (816, 'AW-折扣率设置(GMS)', 33010011, '/gms/discount/list.htm', '', 10, 14);
insert into AUTHORITY_MODULE (module_id, module_name, module_code, module_url, remark, module_sort, system_id) values (818, 'HR-总部业务报表', 30500601, 'report/list?type=5', '', 6, 14);
insert into AUTHORITY_MODULE (module_id, module_name, module_code, module_url, remark, module_sort, system_id) values (827, 'AU-结算单汇总表', 30132010, 'bill_balance/type4_balance_gather/area_balance_gather', '', 4, 14);
insert into AUTHORITY_MODULE (module_id, module_name, module_code, module_url, remark, module_sort, system_id) values (828, 'AR-欠客销售跟踪表', 30510404, 'owe_the_guest/dtl_list.htm', '', 8, 14);
insert into AUTHORITY_MODULE (module_id, module_name, module_code, module_url, remark, module_sort, system_id) values (833, 'PM-地区价报表', 30120024, 'area_price_report/list.htm', '', 9, 14);
insert into AUTHORITY_MODULE (module_id, module_name, module_code, module_url, remark, module_sort, system_id) values (839, 'AU-供应商出库明细表', 30132011, 'bill_balance/type4_out/area_list_out.htm', '', 5, 14);
insert into AUTHORITY_MODULE (module_id, module_name, module_code, module_url, remark, module_sort, system_id) values (853, 'AR-销售分类汇总', 30510410, 'sales_summary/list', '', 9, 14);
insert into AUTHORITY_MODULE (module_id, module_name, module_code, module_url, remark, module_sort, system_id) values (857, 'PM-商品价格查询(财务)', 30120025, 'commodity_price_inquiry/list', '', 10, 14);
insert into AUTHORITY_MODULE (module_id, module_name, module_code, module_url, remark, module_sort, system_id) values (858, 'MS-预收款单', 30140032, 'expect_cash/list', '', 4, 14);
insert into AUTHORITY_MODULE (module_id, module_name, module_code, module_url, remark, module_sort, system_id) values (859, 'MS-收款分类汇总', 30140017, '/pos/cash_category_statistics/list?fromOut=1', '', 11, 14);
insert into AUTHORITY_MODULE (module_id, module_name, module_code, module_url, remark, module_sort, system_id) values (860, 'MS-月份销售日报表(POS)', 301400030, '/pos/store_sale_detail/list_bill?fromOut=1', '', 10, 14);
insert into AUTHORITY_MODULE (module_id, module_name, module_code, module_url, remark, module_sort, system_id) values (867, 'AW-客户余额', 30270119, 'wholesale_customer_remaining_sum/list', '', 4, 14);
insert into AUTHORITY_MODULE (module_id, module_name, module_code, module_url, remark, module_sort, system_id) values (871, 'SC-支付方式销售核对', 30170023, 'pay_sale_check/list', '', 3, 14);
insert into AUTHORITY_MODULE (module_id, module_name, module_code, module_url, remark, module_sort, system_id) values (878, 'HR-本厂财务核对表', 30510407, 'report/list?type=6', '', 7, 14);
insert into AUTHORITY_MODULE (module_id, module_name, module_code, module_url, remark, module_sort, system_id) values (885, 'AR-盘点盈亏查询(GMS)', 33010016, '/gms/bill_check_profit/billCheckProfitSearch?systemParameter=fas', '', 10, 14);
insert into AUTHORITY_MODULE (module_id, module_name, module_code, module_url, remark, module_sort, system_id) values (888, 'SC-银行卡退款核对', 30170024, 'card_return_check/list', '', 4, 14);
insert into AUTHORITY_MODULE (module_id, module_name, module_code, module_url, remark, module_sort, system_id) values (889, 'SC-店铺检查项设置', 30170025, 'shop_check_set/list', '', 7, 14);
insert into AUTHORITY_MODULE (module_id, module_name, module_code, module_url, remark, module_sort, system_id) values (906, 'HS-客残明细表', 30130008, 'custom_imperfect/list.htm', '', 5, 14);
insert into AUTHORITY_MODULE (module_id, module_name, module_code, module_url, remark, module_sort, system_id) values (965, 'SC-店铺检查登记', 30170026, 'shop_check/list', '', 8, 14);
insert into AUTHORITY_MODULE (module_id, module_name, module_code, module_url, remark, module_sort, system_id) values (966, 'SC-店铺存现设置', 30170027, 'deposit_set/list', '', 9, 14);
insert into AUTHORITY_MODULE (module_id, module_name, module_code, module_url, remark, module_sort, system_id) values (967, 'SC-店铺存现检查', 30170028, 'deposit_check/list', '', 10, 14);
insert into AUTHORITY_MODULE (module_id, module_name, module_code, module_url, remark, module_sort, system_id) values (969, 'HO-结算单', 30270207, 'hq_other_stock_out_balance/balance_bill', '', 2, 14);
insert into AUTHORITY_MODULE (module_id, module_name, module_code, module_url, remark, module_sort, system_id) values (970, 'HO-出库明细表', 30270206, 'hq_other_stock_out_dtl/other_out', '', 1, 14);
insert into AUTHORITY_MODULE (module_id, module_name, module_code, module_url, remark, module_sort, system_id) values (971, 'AE-入库明细表', 30270208, 'area_other_stock_in_dtl/other_in', '', 1, 14);
insert into AUTHORITY_MODULE (module_id, module_name, module_code, module_url, remark, module_sort, system_id) values (972, 'AE-结算单确认', 30270209, 'area_other_stock_in_balance/balance_bill', '', 2, 14);
insert into AUTHORITY_MODULE (module_id, module_name, module_code, module_url, remark, module_sort, system_id) values (973, 'IC-公司品牌结账日设置', 30120008, 'company_brand_settle_period/list', '', 3, 14);
insert into AUTHORITY_MODULE (module_id, module_name, module_code, module_url, remark, module_sort, system_id) values (978, 'HR-财务进销存总表', 30510408, '/grs/zoneInventoryReport/zoneInventory?fasZoneInventory=true', '', 7, 14);
insert into AUTHORITY_MODULE (module_id, module_name, module_code, module_url, remark, module_sort, system_id) values (979, 'HR-财务核对总表', 30150409, 'report/list?type=8', '', 8, 14);
insert into AUTHORITY_MODULE (module_id, module_name, module_code, module_url, remark, module_sort, system_id) values (984, 'PM-商品价格查询(业务)', 30120026, 'commodity_price_inquiry/list_business', '', 11, 14);
insert into AUTHORITY_MODULE (module_id, module_name, module_code, module_url, remark, module_sort, system_id) values (992, 'HW-收款条款', 39160001, 'wholesale_rece_term/list?isHq=true', '', 1, 14);
insert into AUTHORITY_MODULE (module_id, module_name, module_code, module_url, remark, module_sort, system_id) values (993, 'HW-客户-收款条款', 39160002, 'customer_rece_rel/list?isHq=true', '', 2, 14);
insert into AUTHORITY_MODULE (module_id, module_name, module_code, module_url, remark, module_sort, system_id) values (994, 'HW-预收款单', 39160006, 'bill_pre_payment_nt/list?isHq=true', '', 3, 14);
insert into AUTHORITY_MODULE (module_id, module_name, module_code, module_url, remark, module_sort, system_id) values (995, 'HW-客户余额', 39270119, 'wholesale_customer_remaining_sum/list?isHq=true', '', 4, 14);
insert into AUTHORITY_MODULE (module_id, module_name, module_code, module_url, remark, module_sort, system_id) values (996, 'HW-客户订单余额', 39160007, 'wholesale_prepay_warn/list?isHq=true', '', 6, 14);
insert into AUTHORITY_MODULE (module_id, module_name, module_code, module_url, remark, module_sort, system_id) values (997, 'HW-其他扣项', 39160022, 'other_deduction_type7/list.htm?balanceType=7&isHq=true', '', 7, 14);
insert into AUTHORITY_MODULE (module_id, module_name, module_code, module_url, remark, module_sort, system_id) values (998, 'HW-批发销售明细表', 39160011, 'bill_balance_zone_detail/listBillDtl?isHq=true', '', 8, 14);
insert into AUTHORITY_MODULE (module_id, module_name, module_code, module_url, remark, module_sort, system_id) values (999, 'HW-结算单', 39160013, 'bill_balance_zone/list?isHq=true', '', 9, 14);
insert into AUTHORITY_MODULE (module_id, module_name, module_code, module_url, remark, module_sort, system_id) values (1000, 'HW-折扣率设置(GMS)', 39010011, '/gms/discount/list.htm', '', 10, 14);
insert into AUTHORITY_MODULE (module_id, module_name, module_code, module_url, remark, module_sort, system_id) values (1003, 'AS-地区调货结算期', 30133007, 'transfer_balance_date/list', '', 5, 14);
insert into AUTHORITY_MODULE (module_id, module_name, module_code, module_url, remark, module_sort, system_id) values (1013, 'IP-店铺收银统计', 30140025, 'bill_shop_balance_daysale_sum/listType?type=ip', '', 4, 14);
insert into AUTHORITY_MODULE (module_id, module_name, module_code, module_url, remark, module_sort, system_id) values (1023, 'PM-价格生效日期', 30100021, 'price_control/effective_date/list', '', 1, 14);
insert into AUTHORITY_MODULE (module_id, module_name, module_code, module_url, remark, module_sort, system_id) values (1026, 'HR-总部地区调货核对表', 30150410, 'report/list?type=9', '', 9, 14);
insert into AUTHORITY_MODULE (module_id, module_name, module_code, module_url, remark, module_sort, system_id) values (1032, 'AR-开票基础表', 30510412, 'invoice_base_report/list', '', 11, 14);
insert into AUTHORITY_MODULE (module_id, module_name, module_code, module_url, remark, module_sort, system_id) values (1039, 'AR-存货分类汇总', 30510411, 'inventory_classification_summary/list.html', '', 12, 14);
insert into AUTHORITY_MODULE (module_id, module_name, module_code, module_url, remark, module_sort, system_id) values (1069, 'IC-公司期间结存', 30120006, 'company_period_balance/list', '', 11, 14);
insert into AUTHORITY_MODULE (module_id, module_name, module_code, module_url, remark, module_sort, system_id) values (1088, 'IC-存货所属(主体变更)买卖跟踪表', 30120009, 'settlement_body_change_record/list.html', '', 12, 14);
insert into AUTHORITY_MODULE (module_id, module_name, module_code, module_url, remark, module_sort, system_id) values (1106, 'AR-盘点盈亏查询(GMS)-森达', 30510017, '/gms/bill_check_profit/billCheckProfitSearch?systemParameter=fas&purchasePrice=fas', '', 13, 14);
insert into AUTHORITY_MODULE (module_id, module_name, module_code, module_url, remark, module_sort, system_id) values (1111, 'AS-调货明细表(森达)', 30133011, 'area_among_transfer/transfer?atoa=ys&senda=yes', '', 3, 14);
insert into AUTHORITY_MODULE (module_id, module_name, module_code, module_url, remark, module_sort, system_id) values (1112, 'AR-地区收发货对账(森达)', 30510413, 'transfering_check_area/transferingCheck?type=1&senda=yes', '', 7, 14);
insert into AUTHORITY_MODULE (module_id, module_name, module_code, module_url, remark, module_sort, system_id) values (1117, 'BS-店铺名称替换', 30100022, 'base_setting/shop_name_replace/list', '', 9, 14);
insert into AUTHORITY_MODULE (module_id, module_name, module_code, module_url, remark, module_sort, system_id) values (1150, 'MS-结算单操作日志', 278, 'bill_shop_balance_operatelog/list', '', 11, 14);
insert into AUTHORITY_MODULE (module_id, module_name, module_code, module_url, remark, module_sort, system_id) values (1152, 'AR-销售回款分析(森达)', 30510419, 'bill_sales_outstanding_analysis/list?senda=true', '', 4, 14);
insert into AUTHORITY_MODULE (module_id, module_name, module_code, module_url, remark, module_sort, system_id) values (1153, 'AR-销售汇总表(森达)', 30510418, 'bill_sales_sum/list?senda=true', '', 2, 14);
insert into AUTHORITY_MODULE (module_id, module_name, module_code, module_url, remark, module_sort, system_id) values (1157, 'IC-区内调出对账', 30120012, '/gms/inner_transfer_out_reconciliation/list.htm', '', 13, 14);
insert into AUTHORITY_MODULE (module_id, module_name, module_code, module_url, remark, module_sort, system_id) values (1170, 'AW-客户余额发生表', 30270120, 'wholesale_customer_remaining_sum/selectSumListTab', '', 5, 14);
insert into AUTHORITY_MODULE (module_id, module_name, module_code, module_url, remark, module_sort, system_id) values (1171, 'HW-客户余额发生表', 39270120, 'wholesale_customer_remaining_sum/selectSumListTab?isHq=true', '', 5, 14);
insert into AUTHORITY_MODULE (module_id, module_name, module_code, module_url, remark, module_sort, system_id) values (1173, 'DM-跨区调货单收发对调', 30100031, 'data_hq_area_exchange/list', '', 1, 14);
insert into AUTHORITY_MODULE (module_id, module_name, module_code, module_url, remark, module_sort, system_id) values (1184, 'IC-店铺结存报表(森达)', 30120017, 'store_sd_balance_report/sd_list', '', 10, 14);
insert into AUTHORITY_MODULE (module_id, module_name, module_code, module_url, remark, module_sort, system_id) values (1185, 'HS-正式货号报表', 30130009, 'official_item/list', '', 6, 14);
insert into AUTHORITY_MODULE (module_id, module_name, module_code, module_url, remark, module_sort, system_id) values (1186, 'HR-休闲品牌对账报表', 30510415, 'leisure_brand_check/check_report.htm', '', 10, 14);
insert into AUTHORITY_MODULE (module_id, module_name, module_code, module_url, remark, module_sort, system_id) values (1250, 'TS-请款单', 40001013, 'apply_for_payment/list', '', 20, 14);
insert into AUTHORITY_MODULE (module_id, module_name, module_code, module_url, remark, module_sort, system_id) values (1251, 'TS-返利表', 40001023, 'supplier_return_profit/list', '', 19, 14);
insert into AUTHORITY_MODULE (module_id, module_name, module_code, module_url, remark, module_sort, system_id) values (1252, 'TS-返利生成', 40001021, 'return_profit/list', '', 18, 14);
insert into AUTHORITY_MODULE (module_id, module_name, module_code, module_url, remark, module_sort, system_id) values (1253, 'TS-结算单', 40001020, 'pe_balance/list', '', 17, 14);
insert into AUTHORITY_MODULE (module_id, module_name, module_code, module_url, remark, module_sort, system_id) values (1254, 'TS-期初应付金额', 40001019, 'hq_period_meet_money/list', '', 16, 14);
insert into AUTHORITY_MODULE (module_id, module_name, module_code, module_url, remark, module_sort, system_id) values (1255, 'TS-对账容差设置', 40001018, 'check_toler/list', '', 15, 14);
insert into AUTHORITY_MODULE (module_id, module_name, module_code, module_url, remark, module_sort, system_id) values (1256, 'TS-退供应商统计表', 40001017, 'hq_return_supplier/hq/list', '', 14, 14);
insert into AUTHORITY_MODULE (module_id, module_name, module_code, module_url, remark, module_sort, system_id) values (1257, 'TS-出货统计表', 40001016, 'hq_shipment_collet/list', '', 14, 14);
insert into AUTHORITY_MODULE (module_id, module_name, module_code, module_url, remark, module_sort, system_id) values (1258, 'TS-其他扣项', 40001015, 'other_deduction_sport/list.htm?balanceType=16', '', 13, 14);
insert into AUTHORITY_MODULE (module_id, module_name, module_code, module_url, remark, module_sort, system_id) values (1259, 'TS-代销商品销存查询', 40001012, 'sales_storage_inquire/list', '', 13, 14);
insert into AUTHORITY_MODULE (module_id, module_name, module_code, module_url, remark, module_sort, system_id) values (1260, 'TS-总部到货核对', 40001011, 'pay_relationship/list', '', 11, 14);
insert into AUTHORITY_MODULE (module_id, module_name, module_code, module_url, remark, module_sort, system_id) values (1261, 'TS-拒付登记', 40001009, 'refuse_register/list.htm', '', 12, 14);
insert into AUTHORITY_MODULE (module_id, module_name, module_code, module_url, remark, module_sort, system_id) values (1262, 'TS-已结算单据审核', 40001008, 'settledBills_audit/list.htm', '', 10, 14);
insert into AUTHORITY_MODULE (module_id, module_name, module_code, module_url, remark, module_sort, system_id) values (1263, 'TS-付款计划', 40001007, 'pe_report/list?type=2', '', 9, 14);
insert into AUTHORITY_MODULE (module_id, module_name, module_code, module_url, remark, module_sort, system_id) values (1264, 'TS-应付账款表', 40001010, 'payable_account/list.htm', '', 8, 14);
insert into AUTHORITY_MODULE (module_id, module_name, module_code, module_url, remark, module_sort, system_id) values (1265, 'TS-应付账龄分析', 40001006, 'pe_report/list?type=1', '', 7, 14);
insert into AUTHORITY_MODULE (module_id, module_name, module_code, module_url, remark, module_sort, system_id) values (1266, 'TS-供应商付款条款', 40001002, 'pay_term_supplier/list', '', 6, 14);
insert into AUTHORITY_MODULE (module_id, module_name, module_code, module_url, remark, module_sort, system_id) values (1267, 'TS-付款条款', 40001001, 'pay_term/list', '', 5, 14);
insert into AUTHORITY_MODULE (module_id, module_name, module_code, module_url, remark, module_sort, system_id) values (1268, 'TS-采购入库调整单', 40001022, 'bill_purchase_adjust/list', '', 4, 14);
insert into AUTHORITY_MODULE (module_id, module_name, module_code, module_url, remark, module_sort, system_id) values (1269, 'TS-供应商指定价设置', 40001005, 'contract_discount_item/list?type=3', '', 3, 14);
insert into AUTHORITY_MODULE (module_id, module_name, module_code, module_url, remark, module_sort, system_id) values (1270, 'TS-公司折扣设置', 40001004, 'contract_discount_company/list?type=2', '', 2, 14);
insert into AUTHORITY_MODULE (module_id, module_name, module_code, module_url, remark, module_sort, system_id) values (1271, 'TS-供应商合同折扣设置', 40001003, 'contract_discount_supplier/list?type=1', '', 1, 14);
insert into AUTHORITY_MODULE (module_id, module_name, module_code, module_url, remark, module_sort, system_id) values (5005, 'SC-交易明细管理', 30170029, 'deal_dtl/list', '', 14, 14);
insert into AUTHORITY_MODULE (module_id, module_name, module_code, module_url, remark, module_sort, system_id) values (5006, 'SC-交易核对管理', 30170008, 'credit_card_check/list', '', 15, 14);
insert into AUTHORITY_MODULE (module_id, module_name, module_code, module_url, remark, module_sort, system_id) values (5007, 'SC-退款汇总表', 30170018, 'item_return/list', '', 16, 14);
insert into AUTHORITY_MODULE (module_id, module_name, module_code, module_url, remark, module_sort, system_id) values (5008, 'SC-现金余额表', 30170030, 'cash_balance/list', '', 11, 14);
insert into AUTHORITY_MODULE (module_id, module_name, module_code, module_url, remark, module_sort, system_id) values (5023, 'BG-地区价计算', 34000006, 'baroque_purchase_region_cost/region_cost', '', 5, 14);
insert into AUTHORITY_MODULE (module_id, module_name, module_code, module_url, remark, module_sort, system_id) values (5024, 'BG-采购费用分配', 34000005, 'baroque_purchase_cost_distribution/cost_distribution', '', 4, 14);
insert into AUTHORITY_MODULE (module_id, module_name, module_code, module_url, remark, module_sort, system_id) values (5025, 'BG-结算单', 34000003, 'baroque_bill_balance/baroqueBalance?balanceType=17', '', 3, 14);
insert into AUTHORITY_MODULE (module_id, module_name, module_code, module_url, remark, module_sort, system_id) values (5026, 'BG-验收单列表', 34000004, 'receipt/list', '', 2, 14);
insert into AUTHORITY_MODULE (module_id, module_name, module_code, module_url, remark, module_sort, system_id) values (5027, 'BG-成本核算', 34000002, 'specify_item_cost/list', '', 6, 14);
insert into AUTHORITY_MODULE (module_id, module_name, module_code, module_url, remark, module_sort, system_id) values (5028, 'BG-供应商设置', 34000001, 'supplier_rate_set/list', '', 1, 14);
insert into AUTHORITY_MODULE (module_id, module_name, module_code, module_url, remark, module_sort, system_id) values (5031, 'HW-解冻退货金额', 39160023, 'unfrozen_amount/listBillDtl?isHq=true', '', 11, 14);
insert into AUTHORITY_MODULE (module_id, module_name, module_code, module_url, remark, module_sort, system_id) values (5032, 'AW-解冻退货金额', 30160023, 'unfrozen_amount/listBillDtl', '', 11, 14);
insert into AUTHORITY_MODULE (module_id, module_name, module_code, module_url, remark, module_sort, system_id) values (5065, 'BG-供应商关税设置', 34000007, 'supplier_tariff_set/list', '', 7, 14);
insert into AUTHORITY_MODULE (module_id, module_name, module_code, module_url, remark, module_sort, system_id) values (5079, 'TS-总部收购核对', 40001024, 'buy_pay_relationship/list', '', 21, 14);
insert into AUTHORITY_MODULE (module_id, module_name, module_code, module_url, remark, module_sort, system_id) values (5080, 'IC-总部结账日设置', 30120030, 'headquarter_period/list', '', 1, 14);
insert into AUTHORITY_MODULE (module_id, module_name, module_code, module_url, remark, module_sort, system_id) values (5095, 'BIC-成本核算', 30120301, 'blk_item_cost/list', '', 1, 14);
insert into AUTHORITY_MODULE (module_id, module_name, module_code, module_url, remark, module_sort, system_id) values (5096, 'BIC-期间结存查询', 30120302, 'blk_period_balance/list', '', 2, 14);
insert into AUTHORITY_MODULE (module_id, module_name, module_code, module_url, remark, module_sort, system_id) values (5097, 'BIC-店铺结存报表', 30120303, 'blk_store_balance/list', '', 3, 14);
insert into AUTHORITY_MODULE (module_id, module_name, module_code, module_url, remark, module_sort, system_id) values (5098, 'BIC-公司期间结存', 30120304, 'blk_company_period_balance/list', '', 4, 14);
insert into AUTHORITY_MODULE (module_id, module_name, module_code, module_url, remark, module_sort, system_id) values (5107, 'TS-出货统计表(新)', 40001999, 'pe_report/list?type=3', '', 22, 14);
insert into AUTHORITY_MODULE (module_id, module_name, module_code, module_url, remark, module_sort, system_id) values (5109, 'IC-地区价检查更新', 30120018, 'area_price_check/list', '', 5, 14);
insert into AUTHORITY_MODULE (module_id, module_name, module_code, module_url, remark, module_sort, system_id) values (5110, 'BG-加权成本', 34000008, 'baroque_item_cost/list', '', 8, 14);
insert into AUTHORITY_MODULE (module_id, module_name, module_code, module_url, remark, module_sort, system_id) values (5123, 'AR-地区收发货报表(TS)', 30510416, 'receiveAndSend_check/dtl_Check', '', 6, 14);
insert into AUTHORITY_MODULE (module_id, module_name, module_code, module_url, remark, module_sort, system_id) values (5125, 'AR-存货分类汇总(体育)', 30510426, 'pe_inventory_classify/to_peList', '', 14, 14);
insert into AUTHORITY_MODULE (module_id, module_name, module_code, module_url, remark, module_sort, system_id) values (5126, 'AR-退供应商统计表', 40001027, 'hq_return_supplier/area/list', '', 15, 14);
insert into AUTHORITY_MODULE (module_id, module_name, module_code, module_url, remark, module_sort, system_id) values (5130, 'BG-公司期间结存(总部价)', 34000009, 'baroque_company_period_balance/baroque_cpb_list', '', 9, 14);
commit;
delete from AUTHORITY_MENU_MODULE where SYSTEM_ID = 14;
commit;
insert into AUTHORITY_MENU_MODULE (module_id, system_id, menu_id) values (444, 14, 441);
insert into AUTHORITY_MENU_MODULE (module_id, system_id, menu_id) values (443, 14, 441);
insert into AUTHORITY_MENU_MODULE (module_id, system_id, menu_id) values (490, 14, 3609);
insert into AUTHORITY_MENU_MODULE (module_id, system_id, menu_id) values (263, 14, 343);
insert into AUTHORITY_MENU_MODULE (module_id, system_id, menu_id) values (264, 14, 343);
insert into AUTHORITY_MENU_MODULE (module_id, system_id, menu_id) values (306, 14, 343);
insert into AUTHORITY_MENU_MODULE (module_id, system_id, menu_id) values (307, 14, 343);
insert into AUTHORITY_MENU_MODULE (module_id, system_id, menu_id) values (308, 14, 343);
insert into AUTHORITY_MENU_MODULE (module_id, system_id, menu_id) values (442, 14, 356);
insert into AUTHORITY_MENU_MODULE (module_id, system_id, menu_id) values (303, 14, 356);
insert into AUTHORITY_MENU_MODULE (module_id, system_id, menu_id) values (321, 14, 348);
insert into AUTHORITY_MENU_MODULE (module_id, system_id, menu_id) values (322, 14, 348);
insert into AUTHORITY_MENU_MODULE (module_id, system_id, menu_id) values (311, 14, 345);
insert into AUTHORITY_MENU_MODULE (module_id, system_id, menu_id) values (394, 14, 345);
insert into AUTHORITY_MENU_MODULE (module_id, system_id, menu_id) values (323, 14, 345);
insert into AUTHORITY_MENU_MODULE (module_id, system_id, menu_id) values (324, 14, 345);
insert into AUTHORITY_MENU_MODULE (module_id, system_id, menu_id) values (325, 14, 345);
insert into AUTHORITY_MENU_MODULE (module_id, system_id, menu_id) values (326, 14, 345);
insert into AUTHORITY_MENU_MODULE (module_id, system_id, menu_id) values (327, 14, 345);
insert into AUTHORITY_MENU_MODULE (module_id, system_id, menu_id) values (338, 14, 352);
insert into AUTHORITY_MENU_MODULE (module_id, system_id, menu_id) values (339, 14, 352);
insert into AUTHORITY_MENU_MODULE (module_id, system_id, menu_id) values (333, 14, 349);
insert into AUTHORITY_MENU_MODULE (module_id, system_id, menu_id) values (449, 14, 349);
insert into AUTHORITY_MENU_MODULE (module_id, system_id, menu_id) values (332, 14, 349);
insert into AUTHORITY_MENU_MODULE (module_id, system_id, menu_id) values (498, 14, 4388);
insert into AUTHORITY_MENU_MODULE (module_id, system_id, menu_id) values (499, 14, 4389);
insert into AUTHORITY_MENU_MODULE (module_id, system_id, menu_id) values (500, 14, 4735);
insert into AUTHORITY_MENU_MODULE (module_id, system_id, menu_id) values (297, 14, 357);
insert into AUTHORITY_MENU_MODULE (module_id, system_id, menu_id) values (300, 14, 357);
insert into AUTHORITY_MENU_MODULE (module_id, system_id, menu_id) values (317, 14, 351);
insert into AUTHORITY_MENU_MODULE (module_id, system_id, menu_id) values (265, 14, 342);
insert into AUTHORITY_MENU_MODULE (module_id, system_id, menu_id) values (266, 14, 342);
insert into AUTHORITY_MENU_MODULE (module_id, system_id, menu_id) values (304, 14, 342);
insert into AUTHORITY_MENU_MODULE (module_id, system_id, menu_id) values (290, 14, 342);
insert into AUTHORITY_MENU_MODULE (module_id, system_id, menu_id) values (288, 14, 342);
insert into AUTHORITY_MENU_MODULE (module_id, system_id, menu_id) values (289, 14, 342);
insert into AUTHORITY_MENU_MODULE (module_id, system_id, menu_id) values (299, 14, 344);
insert into AUTHORITY_MENU_MODULE (module_id, system_id, menu_id) values (436, 14, 344);
insert into AUTHORITY_MENU_MODULE (module_id, system_id, menu_id) values (329, 14, 344);
insert into AUTHORITY_MENU_MODULE (module_id, system_id, menu_id) values (298, 14, 358);
insert into AUTHORITY_MENU_MODULE (module_id, system_id, menu_id) values (335, 14, 350);
insert into AUTHORITY_MENU_MODULE (module_id, system_id, menu_id) values (448, 14, 350);
insert into AUTHORITY_MENU_MODULE (module_id, system_id, menu_id) values (336, 14, 350);
insert into AUTHORITY_MENU_MODULE (module_id, system_id, menu_id) values (340, 14, 350);
insert into AUTHORITY_MENU_MODULE (module_id, system_id, menu_id) values (341, 14, 350);
insert into AUTHORITY_MENU_MODULE (module_id, system_id, menu_id) values (337, 14, 350);
insert into AUTHORITY_MENU_MODULE (module_id, system_id, menu_id) values (342, 14, 350);
insert into AUTHORITY_MENU_MODULE (module_id, system_id, menu_id) values (345, 14, 350);
insert into AUTHORITY_MENU_MODULE (module_id, system_id, menu_id) values (447, 14, 350);
insert into AUTHORITY_MENU_MODULE (module_id, system_id, menu_id) values (556, 14, 350);
insert into AUTHORITY_MENU_MODULE (module_id, system_id, menu_id) values (343, 14, 341);
insert into AUTHORITY_MENU_MODULE (module_id, system_id, menu_id) values (259, 14, 341);
insert into AUTHORITY_MENU_MODULE (module_id, system_id, menu_id) values (260, 14, 341);
insert into AUTHORITY_MENU_MODULE (module_id, system_id, menu_id) values (271, 14, 341);
insert into AUTHORITY_MENU_MODULE (module_id, system_id, menu_id) values (292, 14, 341);
insert into AUTHORITY_MENU_MODULE (module_id, system_id, menu_id) values (262, 14, 341);
insert into AUTHORITY_MENU_MODULE (module_id, system_id, menu_id) values (277, 14, 341);
insert into AUTHORITY_MENU_MODULE (module_id, system_id, menu_id) values (294, 14, 341);
insert into AUTHORITY_MENU_MODULE (module_id, system_id, menu_id) values (293, 14, 341);
insert into AUTHORITY_MENU_MODULE (module_id, system_id, menu_id) values (296, 14, 341);
insert into AUTHORITY_MENU_MODULE (module_id, system_id, menu_id) values (558, 14, 341);
insert into AUTHORITY_MENU_MODULE (module_id, system_id, menu_id) values (561, 14, 341);
insert into AUTHORITY_MENU_MODULE (module_id, system_id, menu_id) values (565, 14, 341);
insert into AUTHORITY_MENU_MODULE (module_id, system_id, menu_id) values (321, 14, 7504);
insert into AUTHORITY_MENU_MODULE (module_id, system_id, menu_id) values (322, 14, 7504);
insert into AUTHORITY_MENU_MODULE (module_id, system_id, menu_id) values (338, 14, 7525);
insert into AUTHORITY_MENU_MODULE (module_id, system_id, menu_id) values (339, 14, 7525);
insert into AUTHORITY_MENU_MODULE (module_id, system_id, menu_id) values (298, 14, 7483);
insert into AUTHORITY_MENU_MODULE (module_id, system_id, menu_id) values (577, 14, 7483);
insert into AUTHORITY_MENU_MODULE (module_id, system_id, menu_id) values (317, 14, 7503);
insert into AUTHORITY_MENU_MODULE (module_id, system_id, menu_id) values (578, 14, 7503);
insert into AUTHORITY_MENU_MODULE (module_id, system_id, menu_id) values (498, 14, 7449);
insert into AUTHORITY_MENU_MODULE (module_id, system_id, menu_id) values (499, 14, 7449);
insert into AUTHORITY_MENU_MODULE (module_id, system_id, menu_id) values (500, 14, 7449);
insert into AUTHORITY_MENU_MODULE (module_id, system_id, menu_id) values (444, 14, 7449);
insert into AUTHORITY_MENU_MODULE (module_id, system_id, menu_id) values (443, 14, 7449);
insert into AUTHORITY_MENU_MODULE (module_id, system_id, menu_id) values (576, 14, 7449);
insert into AUTHORITY_MENU_MODULE (module_id, system_id, menu_id) values (272, 14, 339);
insert into AUTHORITY_MENU_MODULE (module_id, system_id, menu_id) values (274, 14, 339);
insert into AUTHORITY_MENU_MODULE (module_id, system_id, menu_id) values (275, 14, 339);
insert into AUTHORITY_MENU_MODULE (module_id, system_id, menu_id) values (249, 14, 339);
insert into AUTHORITY_MENU_MODULE (module_id, system_id, menu_id) values (276, 14, 339);
insert into AUTHORITY_MENU_MODULE (module_id, system_id, menu_id) values (284, 14, 339);
insert into AUTHORITY_MENU_MODULE (module_id, system_id, menu_id) values (567, 14, 7473);
insert into AUTHORITY_MENU_MODULE (module_id, system_id, menu_id) values (568, 14, 7473);
insert into AUTHORITY_MENU_MODULE (module_id, system_id, menu_id) values (566, 14, 7473);
insert into AUTHORITY_MENU_MODULE (module_id, system_id, menu_id) values (595, 14, 7473);
insert into AUTHORITY_MENU_MODULE (module_id, system_id, menu_id) values (573, 14, 7473);
insert into AUTHORITY_MENU_MODULE (module_id, system_id, menu_id) values (572, 14, 7473);
insert into AUTHORITY_MENU_MODULE (module_id, system_id, menu_id) values (490, 14, 7473);
insert into AUTHORITY_MENU_MODULE (module_id, system_id, menu_id) values (436, 14, 7499);
insert into AUTHORITY_MENU_MODULE (module_id, system_id, menu_id) values (299, 14, 7499);
insert into AUTHORITY_MENU_MODULE (module_id, system_id, menu_id) values (329, 14, 7499);
insert into AUTHORITY_MENU_MODULE (module_id, system_id, menu_id) values (259, 14, 19813);
insert into AUTHORITY_MENU_MODULE (module_id, system_id, menu_id) values (260, 14, 19813);
insert into AUTHORITY_MENU_MODULE (module_id, system_id, menu_id) values (292, 14, 19813);
insert into AUTHORITY_MENU_MODULE (module_id, system_id, menu_id) values (565, 14, 19813);
insert into AUTHORITY_MENU_MODULE (module_id, system_id, menu_id) values (293, 14, 19813);
insert into AUTHORITY_MENU_MODULE (module_id, system_id, menu_id) values (583, 14, 19813);
insert into AUTHORITY_MENU_MODULE (module_id, system_id, menu_id) values (585, 14, 10446);
insert into AUTHORITY_MENU_MODULE (module_id, system_id, menu_id) values (586, 14, 10446);
insert into AUTHORITY_MENU_MODULE (module_id, system_id, menu_id) values (683, 14, 10446);
insert into AUTHORITY_MENU_MODULE (module_id, system_id, menu_id) values (587, 14, 10446);
insert into AUTHORITY_MENU_MODULE (module_id, system_id, menu_id) values (641, 14, 13827);
insert into AUTHORITY_MENU_MODULE (module_id, system_id, menu_id) values (639, 14, 13827);
insert into AUTHORITY_MENU_MODULE (module_id, system_id, menu_id) values (684, 14, 13827);
insert into AUTHORITY_MENU_MODULE (module_id, system_id, menu_id) values (640, 14, 13827);
insert into AUTHORITY_MENU_MODULE (module_id, system_id, menu_id) values (306, 14, 7501);
insert into AUTHORITY_MENU_MODULE (module_id, system_id, menu_id) values (307, 14, 7501);
insert into AUTHORITY_MENU_MODULE (module_id, system_id, menu_id) values (308, 14, 7501);
insert into AUTHORITY_MENU_MODULE (module_id, system_id, menu_id) values (297, 14, 7488);
insert into AUTHORITY_MENU_MODULE (module_id, system_id, menu_id) values (300, 14, 7488);
insert into AUTHORITY_MENU_MODULE (module_id, system_id, menu_id) values (579, 14, 7488);
insert into AUTHORITY_MENU_MODULE (module_id, system_id, menu_id) values (827, 14, 7488);
insert into AUTHORITY_MENU_MODULE (module_id, system_id, menu_id) values (839, 14, 7488);
insert into AUTHORITY_MENU_MODULE (module_id, system_id, menu_id) values (970, 14, 49868);
insert into AUTHORITY_MENU_MODULE (module_id, system_id, menu_id) values (969, 14, 49868);
insert into AUTHORITY_MENU_MODULE (module_id, system_id, menu_id) values (971, 14, 49869);
insert into AUTHORITY_MENU_MODULE (module_id, system_id, menu_id) values (972, 14, 49869);
insert into AUTHORITY_MENU_MODULE (module_id, system_id, menu_id) values (620, 14, 7475);
insert into AUTHORITY_MENU_MODULE (module_id, system_id, menu_id) values (442, 14, 7475);
insert into AUTHORITY_MENU_MODULE (module_id, system_id, menu_id) values (1111, 14, 7475);
insert into AUTHORITY_MENU_MODULE (module_id, system_id, menu_id) values (303, 14, 7475);
insert into AUTHORITY_MENU_MODULE (module_id, system_id, menu_id) values (1003, 14, 7475);
insert into AUTHORITY_MENU_MODULE (module_id, system_id, menu_id) values (343, 14, 7490);
insert into AUTHORITY_MENU_MODULE (module_id, system_id, menu_id) values (262, 14, 7490);
insert into AUTHORITY_MENU_MODULE (module_id, system_id, menu_id) values (271, 14, 7490);
insert into AUTHORITY_MENU_MODULE (module_id, system_id, menu_id) values (858, 14, 7490);
insert into AUTHORITY_MENU_MODULE (module_id, system_id, menu_id) values (277, 14, 7490);
insert into AUTHORITY_MENU_MODULE (module_id, system_id, menu_id) values (561, 14, 7490);
insert into AUTHORITY_MENU_MODULE (module_id, system_id, menu_id) values (607, 14, 7490);
insert into AUTHORITY_MENU_MODULE (module_id, system_id, menu_id) values (296, 14, 7490);
insert into AUTHORITY_MENU_MODULE (module_id, system_id, menu_id) values (558, 14, 7490);
insert into AUTHORITY_MENU_MODULE (module_id, system_id, menu_id) values (860, 14, 7490);
insert into AUTHORITY_MENU_MODULE (module_id, system_id, menu_id) values (1150, 14, 7490);
insert into AUTHORITY_MENU_MODULE (module_id, system_id, menu_id) values (1173, 14, 70329);
insert into AUTHORITY_MENU_MODULE (module_id, system_id, menu_id) values (1023, 14, 347);
insert into AUTHORITY_MENU_MODULE (module_id, system_id, menu_id) values (286, 14, 347);
insert into AUTHORITY_MENU_MODULE (module_id, system_id, menu_id) values (267, 14, 347);
insert into AUTHORITY_MENU_MODULE (module_id, system_id, menu_id) values (268, 14, 347);
insert into AUTHORITY_MENU_MODULE (module_id, system_id, menu_id) values (269, 14, 347);
insert into AUTHORITY_MENU_MODULE (module_id, system_id, menu_id) values (270, 14, 347);
insert into AUTHORITY_MENU_MODULE (module_id, system_id, menu_id) values (305, 14, 347);
insert into AUTHORITY_MENU_MODULE (module_id, system_id, menu_id) values (644, 14, 347);
insert into AUTHORITY_MENU_MODULE (module_id, system_id, menu_id) values (833, 14, 347);
insert into AUTHORITY_MENU_MODULE (module_id, system_id, menu_id) values (857, 14, 347);
insert into AUTHORITY_MENU_MODULE (module_id, system_id, menu_id) values (984, 14, 347);
insert into AUTHORITY_MENU_MODULE (module_id, system_id, menu_id) values (304, 14, 7516);
insert into AUTHORITY_MENU_MODULE (module_id, system_id, menu_id) values (290, 14, 7516);
insert into AUTHORITY_MENU_MODULE (module_id, system_id, menu_id) values (288, 14, 7516);
insert into AUTHORITY_MENU_MODULE (module_id, system_id, menu_id) values (289, 14, 7516);
insert into AUTHORITY_MENU_MODULE (module_id, system_id, menu_id) values (906, 14, 7516);
insert into AUTHORITY_MENU_MODULE (module_id, system_id, menu_id) values (1185, 14, 7516);
insert into AUTHORITY_MENU_MODULE (module_id, system_id, menu_id) values (618, 14, 7457);
insert into AUTHORITY_MENU_MODULE (module_id, system_id, menu_id) values (621, 14, 7457);
insert into AUTHORITY_MENU_MODULE (module_id, system_id, menu_id) values (575, 14, 7457);
insert into AUTHORITY_MENU_MODULE (module_id, system_id, menu_id) values (622, 14, 7457);
insert into AUTHORITY_MENU_MODULE (module_id, system_id, menu_id) values (693, 14, 7457);
insert into AUTHORITY_MENU_MODULE (module_id, system_id, menu_id) values (818, 14, 7457);
insert into AUTHORITY_MENU_MODULE (module_id, system_id, menu_id) values (978, 14, 7457);
insert into AUTHORITY_MENU_MODULE (module_id, system_id, menu_id) values (979, 14, 7457);
insert into AUTHORITY_MENU_MODULE (module_id, system_id, menu_id) values (1026, 14, 7457);
insert into AUTHORITY_MENU_MODULE (module_id, system_id, menu_id) values (1186, 14, 7457);
insert into AUTHORITY_MENU_MODULE (module_id, system_id, menu_id) values (261, 14, 353);
insert into AUTHORITY_MENU_MODULE (module_id, system_id, menu_id) values (350, 14, 353);
insert into AUTHORITY_MENU_MODULE (module_id, system_id, menu_id) values (258, 14, 353);
insert into AUTHORITY_MENU_MODULE (module_id, system_id, menu_id) values (291, 14, 353);
insert into AUTHORITY_MENU_MODULE (module_id, system_id, menu_id) values (696, 14, 353);
insert into AUTHORITY_MENU_MODULE (module_id, system_id, menu_id) values (557, 14, 353);
insert into AUTHORITY_MENU_MODULE (module_id, system_id, menu_id) values (636, 14, 353);
insert into AUTHORITY_MENU_MODULE (module_id, system_id, menu_id) values (283, 14, 353);
insert into AUTHORITY_MENU_MODULE (module_id, system_id, menu_id) values (1117, 14, 353);
insert into AUTHORITY_MENU_MODULE (module_id, system_id, menu_id) values (332, 14, 7489);
insert into AUTHORITY_MENU_MODULE (module_id, system_id, menu_id) values (449, 14, 7489);
insert into AUTHORITY_MENU_MODULE (module_id, system_id, menu_id) values (593, 14, 7489);
insert into AUTHORITY_MENU_MODULE (module_id, system_id, menu_id) values (1013, 14, 7489);
insert into AUTHORITY_MENU_MODULE (module_id, system_id, menu_id) values (333, 14, 7489);
insert into AUTHORITY_MENU_MODULE (module_id, system_id, menu_id) values (335, 14, 7498);
insert into AUTHORITY_MENU_MODULE (module_id, system_id, menu_id) values (634, 14, 7498);
insert into AUTHORITY_MENU_MODULE (module_id, system_id, menu_id) values (871, 14, 7498);
insert into AUTHORITY_MENU_MODULE (module_id, system_id, menu_id) values (888, 14, 7498);
insert into AUTHORITY_MENU_MODULE (module_id, system_id, menu_id) values (336, 14, 7498);
insert into AUTHORITY_MENU_MODULE (module_id, system_id, menu_id) values (594, 14, 7498);
insert into AUTHORITY_MENU_MODULE (module_id, system_id, menu_id) values (889, 14, 7498);
insert into AUTHORITY_MENU_MODULE (module_id, system_id, menu_id) values (965, 14, 7498);
insert into AUTHORITY_MENU_MODULE (module_id, system_id, menu_id) values (966, 14, 7498);
insert into AUTHORITY_MENU_MODULE (module_id, system_id, menu_id) values (967, 14, 7498);
insert into AUTHORITY_MENU_MODULE (module_id, system_id, menu_id) values (5008, 14, 7498);
insert into AUTHORITY_MENU_MODULE (module_id, system_id, menu_id) values (448, 14, 7498);
insert into AUTHORITY_MENU_MODULE (module_id, system_id, menu_id) values (643, 14, 7498);
insert into AUTHORITY_MENU_MODULE (module_id, system_id, menu_id) values (5005, 14, 7498);
insert into AUTHORITY_MENU_MODULE (module_id, system_id, menu_id) values (5006, 14, 7498);
insert into AUTHORITY_MENU_MODULE (module_id, system_id, menu_id) values (5007, 14, 7498);
insert into AUTHORITY_MENU_MODULE (module_id, system_id, menu_id) values (311, 14, 7519);
insert into AUTHORITY_MENU_MODULE (module_id, system_id, menu_id) values (394, 14, 7519);
insert into AUTHORITY_MENU_MODULE (module_id, system_id, menu_id) values (326, 14, 7519);
insert into AUTHORITY_MENU_MODULE (module_id, system_id, menu_id) values (867, 14, 7519);
insert into AUTHORITY_MENU_MODULE (module_id, system_id, menu_id) values (1170, 14, 7519);
insert into AUTHORITY_MENU_MODULE (module_id, system_id, menu_id) values (327, 14, 7519);
insert into AUTHORITY_MENU_MODULE (module_id, system_id, menu_id) values (315, 14, 7519);
insert into AUTHORITY_MENU_MODULE (module_id, system_id, menu_id) values (313, 14, 7519);
insert into AUTHORITY_MENU_MODULE (module_id, system_id, menu_id) values (637, 14, 7519);
insert into AUTHORITY_MENU_MODULE (module_id, system_id, menu_id) values (816, 14, 7519);
insert into AUTHORITY_MENU_MODULE (module_id, system_id, menu_id) values (5032, 14, 7519);
insert into AUTHORITY_MENU_MODULE (module_id, system_id, menu_id) values (992, 14, 999);
insert into AUTHORITY_MENU_MODULE (module_id, system_id, menu_id) values (993, 14, 999);
insert into AUTHORITY_MENU_MODULE (module_id, system_id, menu_id) values (994, 14, 999);
insert into AUTHORITY_MENU_MODULE (module_id, system_id, menu_id) values (995, 14, 999);
insert into AUTHORITY_MENU_MODULE (module_id, system_id, menu_id) values (1171, 14, 999);
insert into AUTHORITY_MENU_MODULE (module_id, system_id, menu_id) values (996, 14, 999);
insert into AUTHORITY_MENU_MODULE (module_id, system_id, menu_id) values (997, 14, 999);
insert into AUTHORITY_MENU_MODULE (module_id, system_id, menu_id) values (998, 14, 999);
insert into AUTHORITY_MENU_MODULE (module_id, system_id, menu_id) values (999, 14, 999);
insert into AUTHORITY_MENU_MODULE (module_id, system_id, menu_id) values (1000, 14, 999);
insert into AUTHORITY_MENU_MODULE (module_id, system_id, menu_id) values (5031, 14, 999);
insert into AUTHORITY_MENU_MODULE (module_id, system_id, menu_id) values (5095, 14, 639387);
insert into AUTHORITY_MENU_MODULE (module_id, system_id, menu_id) values (5096, 14, 639387);
insert into AUTHORITY_MENU_MODULE (module_id, system_id, menu_id) values (5097, 14, 639387);
insert into AUTHORITY_MENU_MODULE (module_id, system_id, menu_id) values (5098, 14, 639387);
insert into AUTHORITY_MENU_MODULE (module_id, system_id, menu_id) values (5080, 14, 346);
insert into AUTHORITY_MENU_MODULE (module_id, system_id, menu_id) values (255, 14, 346);
insert into AUTHORITY_MENU_MODULE (module_id, system_id, menu_id) values (973, 14, 346);
insert into AUTHORITY_MENU_MODULE (module_id, system_id, menu_id) values (599, 14, 346);
insert into AUTHORITY_MENU_MODULE (module_id, system_id, menu_id) values (5109, 14, 346);
insert into AUTHORITY_MENU_MODULE (module_id, system_id, menu_id) values (253, 14, 346);
insert into AUTHORITY_MENU_MODULE (module_id, system_id, menu_id) values (815, 14, 346);
insert into AUTHORITY_MENU_MODULE (module_id, system_id, menu_id) values (257, 14, 346);
insert into AUTHORITY_MENU_MODULE (module_id, system_id, menu_id) values (654, 14, 346);
insert into AUTHORITY_MENU_MODULE (module_id, system_id, menu_id) values (1184, 14, 346);
insert into AUTHORITY_MENU_MODULE (module_id, system_id, menu_id) values (1069, 14, 346);
insert into AUTHORITY_MENU_MODULE (module_id, system_id, menu_id) values (1088, 14, 346);
insert into AUTHORITY_MENU_MODULE (module_id, system_id, menu_id) values (1157, 14, 346);
insert into AUTHORITY_MENU_MODULE (module_id, system_id, menu_id) values (1271, 14, 371861);
insert into AUTHORITY_MENU_MODULE (module_id, system_id, menu_id) values (1270, 14, 371861);
insert into AUTHORITY_MENU_MODULE (module_id, system_id, menu_id) values (1269, 14, 371861);
insert into AUTHORITY_MENU_MODULE (module_id, system_id, menu_id) values (1268, 14, 371861);
insert into AUTHORITY_MENU_MODULE (module_id, system_id, menu_id) values (1267, 14, 371861);
insert into AUTHORITY_MENU_MODULE (module_id, system_id, menu_id) values (1266, 14, 371861);
insert into AUTHORITY_MENU_MODULE (module_id, system_id, menu_id) values (1265, 14, 371861);
insert into AUTHORITY_MENU_MODULE (module_id, system_id, menu_id) values (1264, 14, 371861);
insert into AUTHORITY_MENU_MODULE (module_id, system_id, menu_id) values (1263, 14, 371861);
insert into AUTHORITY_MENU_MODULE (module_id, system_id, menu_id) values (1262, 14, 371861);
insert into AUTHORITY_MENU_MODULE (module_id, system_id, menu_id) values (1260, 14, 371861);
insert into AUTHORITY_MENU_MODULE (module_id, system_id, menu_id) values (1261, 14, 371861);
insert into AUTHORITY_MENU_MODULE (module_id, system_id, menu_id) values (1258, 14, 371861);
insert into AUTHORITY_MENU_MODULE (module_id, system_id, menu_id) values (1256, 14, 371861);
insert into AUTHORITY_MENU_MODULE (module_id, system_id, menu_id) values (1255, 14, 371861);
insert into AUTHORITY_MENU_MODULE (module_id, system_id, menu_id) values (1254, 14, 371861);
insert into AUTHORITY_MENU_MODULE (module_id, system_id, menu_id) values (1253, 14, 371861);
insert into AUTHORITY_MENU_MODULE (module_id, system_id, menu_id) values (1252, 14, 371861);
insert into AUTHORITY_MENU_MODULE (module_id, system_id, menu_id) values (1251, 14, 371861);
insert into AUTHORITY_MENU_MODULE (module_id, system_id, menu_id) values (1250, 14, 371861);
insert into AUTHORITY_MENU_MODULE (module_id, system_id, menu_id) values (5079, 14, 371861);
insert into AUTHORITY_MENU_MODULE (module_id, system_id, menu_id) values (5107, 14, 371861);
insert into AUTHORITY_MENU_MODULE (module_id, system_id, menu_id) values (5028, 14, 45545);
insert into AUTHORITY_MENU_MODULE (module_id, system_id, menu_id) values (5026, 14, 45545);
insert into AUTHORITY_MENU_MODULE (module_id, system_id, menu_id) values (5025, 14, 45545);
insert into AUTHORITY_MENU_MODULE (module_id, system_id, menu_id) values (5024, 14, 45545);
insert into AUTHORITY_MENU_MODULE (module_id, system_id, menu_id) values (5023, 14, 45545);
insert into AUTHORITY_MENU_MODULE (module_id, system_id, menu_id) values (5027, 14, 45545);
insert into AUTHORITY_MENU_MODULE (module_id, system_id, menu_id) values (5065, 14, 45545);
insert into AUTHORITY_MENU_MODULE (module_id, system_id, menu_id) values (5110, 14, 45545);
insert into AUTHORITY_MENU_MODULE (module_id, system_id, menu_id) values (5130, 14, 45545);
insert into AUTHORITY_MENU_MODULE (module_id, system_id, menu_id) values (619, 14, 7474);
insert into AUTHORITY_MENU_MODULE (module_id, system_id, menu_id) values (1153, 14, 7474);
insert into AUTHORITY_MENU_MODULE (module_id, system_id, menu_id) values (664, 14, 7474);
insert into AUTHORITY_MENU_MODULE (module_id, system_id, menu_id) values (1152, 14, 7474);
insert into AUTHORITY_MENU_MODULE (module_id, system_id, menu_id) values (671, 14, 7474);
insert into AUTHORITY_MENU_MODULE (module_id, system_id, menu_id) values (5123, 14, 7474);
insert into AUTHORITY_MENU_MODULE (module_id, system_id, menu_id) values (1112, 14, 7474);
insert into AUTHORITY_MENU_MODULE (module_id, system_id, menu_id) values (828, 14, 7474);
insert into AUTHORITY_MENU_MODULE (module_id, system_id, menu_id) values (853, 14, 7474);
insert into AUTHORITY_MENU_MODULE (module_id, system_id, menu_id) values (885, 14, 7474);
insert into AUTHORITY_MENU_MODULE (module_id, system_id, menu_id) values (1032, 14, 7474);
insert into AUTHORITY_MENU_MODULE (module_id, system_id, menu_id) values (1039, 14, 7474);
insert into AUTHORITY_MENU_MODULE (module_id, system_id, menu_id) values (1106, 14, 7474);
insert into AUTHORITY_MENU_MODULE (module_id, system_id, menu_id) values (5125, 14, 7474);
insert into AUTHORITY_MENU_MODULE (module_id, system_id, menu_id) values (5126, 14, 7474);
commit;
delete from authority_module_operations where  module_id in (select module_id from authority_module where SYSTEM_ID = 14 );
commit;
insert into authority_module_operations (operation_id, module_id) values (1, 263);
insert into authority_module_operations (operation_id, module_id) values (3, 263);
insert into authority_module_operations (operation_id, module_id) values (7, 263);
insert into authority_module_operations (operation_id, module_id) values (1, 264);
insert into authority_module_operations (operation_id, module_id) values (3, 264);
insert into authority_module_operations (operation_id, module_id) values (4, 264);
insert into authority_module_operations (operation_id, module_id) values (6, 264);
insert into authority_module_operations (operation_id, module_id) values (7, 264);
insert into authority_module_operations (operation_id, module_id) values (1, 265);
insert into authority_module_operations (operation_id, module_id) values (3, 265);
insert into authority_module_operations (operation_id, module_id) values (7, 265);
insert into authority_module_operations (operation_id, module_id) values (1, 266);
insert into authority_module_operations (operation_id, module_id) values (3, 266);
insert into authority_module_operations (operation_id, module_id) values (4, 266);
insert into authority_module_operations (operation_id, module_id) values (6, 266);
insert into authority_module_operations (operation_id, module_id) values (7, 266);
insert into authority_module_operations (operation_id, module_id) values (4, 643);
insert into authority_module_operations (operation_id, module_id) values (1, 889);
insert into authority_module_operations (operation_id, module_id) values (2, 889);
insert into authority_module_operations (operation_id, module_id) values (3, 889);
insert into authority_module_operations (operation_id, module_id) values (4, 889);
insert into authority_module_operations (operation_id, module_id) values (7, 889);
insert into authority_module_operations (operation_id, module_id) values (4, 888);
insert into authority_module_operations (operation_id, module_id) values (7, 888);
insert into authority_module_operations (operation_id, module_id) values (4, 871);
insert into authority_module_operations (operation_id, module_id) values (7, 871);
insert into authority_module_operations (operation_id, module_id) values (10, 871);
insert into authority_module_operations (operation_id, module_id) values (18, 871);
insert into authority_module_operations (operation_id, module_id) values (1, 335);
insert into authority_module_operations (operation_id, module_id) values (3, 335);
insert into authority_module_operations (operation_id, module_id) values (4, 335);
insert into authority_module_operations (operation_id, module_id) values (6, 335);
insert into authority_module_operations (operation_id, module_id) values (7, 335);
insert into authority_module_operations (operation_id, module_id) values (4, 594);
insert into authority_module_operations (operation_id, module_id) values (4, 448);
insert into authority_module_operations (operation_id, module_id) values (4, 607);
insert into authority_module_operations (operation_id, module_id) values (4, 561);
insert into authority_module_operations (operation_id, module_id) values (4, 271);
insert into authority_module_operations (operation_id, module_id) values (4, 308);
insert into authority_module_operations (operation_id, module_id) values (4, 306);
insert into authority_module_operations (operation_id, module_id) values (1, 906);
insert into authority_module_operations (operation_id, module_id) values (3, 906);
insert into authority_module_operations (operation_id, module_id) values (4, 906);
insert into authority_module_operations (operation_id, module_id) values (6, 906);
insert into authority_module_operations (operation_id, module_id) values (7, 906);
insert into authority_module_operations (operation_id, module_id) values (4, 289);
insert into authority_module_operations (operation_id, module_id) values (4, 290);
insert into authority_module_operations (operation_id, module_id) values (1, 304);
insert into authority_module_operations (operation_id, module_id) values (3, 304);
insert into authority_module_operations (operation_id, module_id) values (4, 304);
insert into authority_module_operations (operation_id, module_id) values (7, 304);
insert into authority_module_operations (operation_id, module_id) values (4, 578);
insert into authority_module_operations (operation_id, module_id) values (73, 578);
insert into authority_module_operations (operation_id, module_id) values (76, 578);
insert into authority_module_operations (operation_id, module_id) values (81, 578);
insert into authority_module_operations (operation_id, module_id) values (82, 578);
insert into authority_module_operations (operation_id, module_id) values (4, 317);
insert into authority_module_operations (operation_id, module_id) values (4, 576);
insert into authority_module_operations (operation_id, module_id) values (10, 576);
insert into authority_module_operations (operation_id, module_id) values (83, 576);
insert into authority_module_operations (operation_id, module_id) values (84, 576);
insert into authority_module_operations (operation_id, module_id) values (1, 443);
insert into authority_module_operations (operation_id, module_id) values (3, 443);
insert into authority_module_operations (operation_id, module_id) values (4, 443);
insert into authority_module_operations (operation_id, module_id) values (6, 443);
insert into authority_module_operations (operation_id, module_id) values (7, 443);
insert into authority_module_operations (operation_id, module_id) values (31, 443);
insert into authority_module_operations (operation_id, module_id) values (32, 443);
insert into authority_module_operations (operation_id, module_id) values (105, 443);
insert into authority_module_operations (operation_id, module_id) values (3, 444);
insert into authority_module_operations (operation_id, module_id) values (4, 444);
insert into authority_module_operations (operation_id, module_id) values (7, 444);
insert into authority_module_operations (operation_id, module_id) values (31, 444);
insert into authority_module_operations (operation_id, module_id) values (32, 444);
insert into authority_module_operations (operation_id, module_id) values (105, 444);
insert into authority_module_operations (operation_id, module_id) values (1, 500);
insert into authority_module_operations (operation_id, module_id) values (3, 500);
insert into authority_module_operations (operation_id, module_id) values (4, 500);
insert into authority_module_operations (operation_id, module_id) values (13, 500);
insert into authority_module_operations (operation_id, module_id) values (40, 500);
insert into authority_module_operations (operation_id, module_id) values (43, 500);
insert into authority_module_operations (operation_id, module_id) values (47, 500);
insert into authority_module_operations (operation_id, module_id) values (73, 500);
insert into authority_module_operations (operation_id, module_id) values (81, 500);
insert into authority_module_operations (operation_id, module_id) values (92, 500);
insert into authority_module_operations (operation_id, module_id) values (96, 500);
insert into authority_module_operations (operation_id, module_id) values (97, 500);
insert into authority_module_operations (operation_id, module_id) values (1, 499);
insert into authority_module_operations (operation_id, module_id) values (3, 499);
insert into authority_module_operations (operation_id, module_id) values (4, 499);
insert into authority_module_operations (operation_id, module_id) values (7, 499);
insert into authority_module_operations (operation_id, module_id) values (31, 499);
insert into authority_module_operations (operation_id, module_id) values (32, 499);
insert into authority_module_operations (operation_id, module_id) values (40, 499);
insert into authority_module_operations (operation_id, module_id) values (43, 499);
insert into authority_module_operations (operation_id, module_id) values (47, 499);
insert into authority_module_operations (operation_id, module_id) values (95, 499);
insert into authority_module_operations (operation_id, module_id) values (1, 498);
insert into authority_module_operations (operation_id, module_id) values (3, 498);
insert into authority_module_operations (operation_id, module_id) values (4, 498);
insert into authority_module_operations (operation_id, module_id) values (7, 498);
insert into authority_module_operations (operation_id, module_id) values (13, 498);
insert into authority_module_operations (operation_id, module_id) values (40, 498);
insert into authority_module_operations (operation_id, module_id) values (43, 498);
insert into authority_module_operations (operation_id, module_id) values (73, 498);
insert into authority_module_operations (operation_id, module_id) values (81, 498);
insert into authority_module_operations (operation_id, module_id) values (92, 498);
insert into authority_module_operations (operation_id, module_id) values (93, 498);
insert into authority_module_operations (operation_id, module_id) values (94, 498);
insert into authority_module_operations (operation_id, module_id) values (4, 878);
insert into authority_module_operations (operation_id, module_id) values (4, 818);
insert into authority_module_operations (operation_id, module_id) values (4, 683);
insert into authority_module_operations (operation_id, module_id) values (4, 586);
insert into authority_module_operations (operation_id, module_id) values (1, 585);
insert into authority_module_operations (operation_id, module_id) values (3, 585);
insert into authority_module_operations (operation_id, module_id) values (4, 585);
insert into authority_module_operations (operation_id, module_id) values (7, 585);
insert into authority_module_operations (operation_id, module_id) values (1, 620);
insert into authority_module_operations (operation_id, module_id) values (3, 620);
insert into authority_module_operations (operation_id, module_id) values (4, 620);
insert into authority_module_operations (operation_id, module_id) values (7, 620);
insert into authority_module_operations (operation_id, module_id) values (4, 321);
insert into authority_module_operations (operation_id, module_id) values (1, 593);
insert into authority_module_operations (operation_id, module_id) values (3, 593);
insert into authority_module_operations (operation_id, module_id) values (4, 593);
insert into authority_module_operations (operation_id, module_id) values (7, 593);
insert into authority_module_operations (operation_id, module_id) values (4, 449);
insert into authority_module_operations (operation_id, module_id) values (79, 449);
insert into authority_module_operations (operation_id, module_id) values (90, 449);
insert into authority_module_operations (operation_id, module_id) values (1, 332);
insert into authority_module_operations (operation_id, module_id) values (3, 332);
insert into authority_module_operations (operation_id, module_id) values (4, 332);
insert into authority_module_operations (operation_id, module_id) values (31, 332);
insert into authority_module_operations (operation_id, module_id) values (32, 332);
insert into authority_module_operations (operation_id, module_id) values (4, 313);
insert into authority_module_operations (operation_id, module_id) values (4, 867);
insert into authority_module_operations (operation_id, module_id) values (1, 326);
insert into authority_module_operations (operation_id, module_id) values (2, 326);
insert into authority_module_operations (operation_id, module_id) values (3, 326);
insert into authority_module_operations (operation_id, module_id) values (4, 326);
insert into authority_module_operations (operation_id, module_id) values (6, 326);
insert into authority_module_operations (operation_id, module_id) values (31, 326);
insert into authority_module_operations (operation_id, module_id) values (32, 326);
insert into authority_module_operations (operation_id, module_id) values (1, 311);
insert into authority_module_operations (operation_id, module_id) values (2, 311);
insert into authority_module_operations (operation_id, module_id) values (4, 311);
insert into authority_module_operations (operation_id, module_id) values (27, 311);
insert into authority_module_operations (operation_id, module_id) values (100, 311);
insert into authority_module_operations (operation_id, module_id) values (1, 394);
insert into authority_module_operations (operation_id, module_id) values (2, 394);
insert into authority_module_operations (operation_id, module_id) values (4, 394);
insert into authority_module_operations (operation_id, module_id) values (27, 394);
insert into authority_module_operations (operation_id, module_id) values (100, 394);
insert into authority_module_operations (operation_id, module_id) values (4, 839);
insert into authority_module_operations (operation_id, module_id) values (4, 579);
insert into authority_module_operations (operation_id, module_id) values (10, 579);
insert into authority_module_operations (operation_id, module_id) values (18, 579);
insert into authority_module_operations (operation_id, module_id) values (73, 579);
insert into authority_module_operations (operation_id, module_id) values (81, 579);
insert into authority_module_operations (operation_id, module_id) values (82, 579);
insert into authority_module_operations (operation_id, module_id) values (4, 300);
insert into authority_module_operations (operation_id, module_id) values (4, 297);
insert into authority_module_operations (operation_id, module_id) values (4, 827);
insert into authority_module_operations (operation_id, module_id) values (1, 329);
insert into authority_module_operations (operation_id, module_id) values (3, 329);
insert into authority_module_operations (operation_id, module_id) values (4, 329);
insert into authority_module_operations (operation_id, module_id) values (7, 329);
insert into authority_module_operations (operation_id, module_id) values (55, 329);
insert into authority_module_operations (operation_id, module_id) values (73, 329);
insert into authority_module_operations (operation_id, module_id) values (74, 329);
insert into authority_module_operations (operation_id, module_id) values (77, 329);
insert into authority_module_operations (operation_id, module_id) values (79, 329);
insert into authority_module_operations (operation_id, module_id) values (80, 329);
insert into authority_module_operations (operation_id, module_id) values (81, 329);
insert into authority_module_operations (operation_id, module_id) values (82, 329);
insert into authority_module_operations (operation_id, module_id) values (1, 436);
insert into authority_module_operations (operation_id, module_id) values (3, 436);
insert into authority_module_operations (operation_id, module_id) values (4, 436);
insert into authority_module_operations (operation_id, module_id) values (7, 436);
insert into authority_module_operations (operation_id, module_id) values (4, 684);
insert into authority_module_operations (operation_id, module_id) values (4, 639);
insert into authority_module_operations (operation_id, module_id) values (1, 641);
insert into authority_module_operations (operation_id, module_id) values (3, 641);
insert into authority_module_operations (operation_id, module_id) values (4, 641);
insert into authority_module_operations (operation_id, module_id) values (7, 641);
insert into authority_module_operations (operation_id, module_id) values (4, 490);
insert into authority_module_operations (operation_id, module_id) values (10, 490);
insert into authority_module_operations (operation_id, module_id) values (83, 490);
insert into authority_module_operations (operation_id, module_id) values (84, 490);
insert into authority_module_operations (operation_id, module_id) values (1, 572);
insert into authority_module_operations (operation_id, module_id) values (2, 572);
insert into authority_module_operations (operation_id, module_id) values (3, 572);
insert into authority_module_operations (operation_id, module_id) values (4, 572);
insert into authority_module_operations (operation_id, module_id) values (5, 572);
insert into authority_module_operations (operation_id, module_id) values (6, 572);
insert into authority_module_operations (operation_id, module_id) values (7, 572);
insert into authority_module_operations (operation_id, module_id) values (31, 572);
insert into authority_module_operations (operation_id, module_id) values (32, 572);
insert into authority_module_operations (operation_id, module_id) values (4, 595);
insert into authority_module_operations (operation_id, module_id) values (78, 595);
insert into authority_module_operations (operation_id, module_id) values (4, 853);
insert into authority_module_operations (operation_id, module_id) values (4, 828);
insert into authority_module_operations (operation_id, module_id) values (1, 619);
insert into authority_module_operations (operation_id, module_id) values (2, 619);
insert into authority_module_operations (operation_id, module_id) values (4, 619);
insert into authority_module_operations (operation_id, module_id) values (4, 654);
insert into authority_module_operations (operation_id, module_id) values (4, 257);
insert into authority_module_operations (operation_id, module_id) values (4, 253);
insert into authority_module_operations (operation_id, module_id) values (87, 253);
insert into authority_module_operations (operation_id, module_id) values (4, 599);
insert into authority_module_operations (operation_id, module_id) values (88, 599);
insert into authority_module_operations (operation_id, module_id) values (89, 599);
insert into authority_module_operations (operation_id, module_id) values (4, 833);
insert into authority_module_operations (operation_id, module_id) values (1, 270);
insert into authority_module_operations (operation_id, module_id) values (2, 270);
insert into authority_module_operations (operation_id, module_id) values (3, 270);
insert into authority_module_operations (operation_id, module_id) values (4, 270);
insert into authority_module_operations (operation_id, module_id) values (6, 270);
insert into authority_module_operations (operation_id, module_id) values (86, 270);
insert into authority_module_operations (operation_id, module_id) values (1, 269);
insert into authority_module_operations (operation_id, module_id) values (2, 269);
insert into authority_module_operations (operation_id, module_id) values (3, 269);
insert into authority_module_operations (operation_id, module_id) values (4, 269);
insert into authority_module_operations (operation_id, module_id) values (6, 269);
insert into authority_module_operations (operation_id, module_id) values (85, 269);
insert into authority_module_operations (operation_id, module_id) values (4, 286);
insert into authority_module_operations (operation_id, module_id) values (1, 282);
insert into authority_module_operations (operation_id, module_id) values (2, 282);
insert into authority_module_operations (operation_id, module_id) values (3, 282);
insert into authority_module_operations (operation_id, module_id) values (27, 282);
insert into authority_module_operations (operation_id, module_id) values (100, 282);
insert into authority_module_operations (operation_id, module_id) values (1, 285);
insert into authority_module_operations (operation_id, module_id) values (2, 285);
insert into authority_module_operations (operation_id, module_id) values (3, 285);
insert into authority_module_operations (operation_id, module_id) values (7, 285);
insert into authority_module_operations (operation_id, module_id) values (27, 285);
insert into authority_module_operations (operation_id, module_id) values (100, 285);
insert into authority_module_operations (operation_id, module_id) values (1, 287);
insert into authority_module_operations (operation_id, module_id) values (2, 287);
insert into authority_module_operations (operation_id, module_id) values (3, 287);
insert into authority_module_operations (operation_id, module_id) values (27, 287);
insert into authority_module_operations (operation_id, module_id) values (100, 287);
insert into authority_module_operations (operation_id, module_id) values (1, 252);
insert into authority_module_operations (operation_id, module_id) values (2, 252);
insert into authority_module_operations (operation_id, module_id) values (3, 252);
insert into authority_module_operations (operation_id, module_id) values (27, 252);
insert into authority_module_operations (operation_id, module_id) values (100, 252);
insert into authority_module_operations (operation_id, module_id) values (1, 251);
insert into authority_module_operations (operation_id, module_id) values (2, 251);
insert into authority_module_operations (operation_id, module_id) values (3, 251);
insert into authority_module_operations (operation_id, module_id) values (27, 251);
insert into authority_module_operations (operation_id, module_id) values (100, 251);
insert into authority_module_operations (operation_id, module_id) values (1, 247);
insert into authority_module_operations (operation_id, module_id) values (2, 247);
insert into authority_module_operations (operation_id, module_id) values (3, 247);
insert into authority_module_operations (operation_id, module_id) values (27, 247);
insert into authority_module_operations (operation_id, module_id) values (100, 247);
insert into authority_module_operations (operation_id, module_id) values (1, 283);
insert into authority_module_operations (operation_id, module_id) values (2, 283);
insert into authority_module_operations (operation_id, module_id) values (3, 283);
insert into authority_module_operations (operation_id, module_id) values (27, 283);
insert into authority_module_operations (operation_id, module_id) values (100, 283);
insert into authority_module_operations (operation_id, module_id) values (1, 636);
insert into authority_module_operations (operation_id, module_id) values (2, 636);
insert into authority_module_operations (operation_id, module_id) values (3, 636);
insert into authority_module_operations (operation_id, module_id) values (27, 636);
insert into authority_module_operations (operation_id, module_id) values (100, 636);
insert into authority_module_operations (operation_id, module_id) values (1, 557);
insert into authority_module_operations (operation_id, module_id) values (2, 557);
insert into authority_module_operations (operation_id, module_id) values (3, 557);
insert into authority_module_operations (operation_id, module_id) values (4, 557);
insert into authority_module_operations (operation_id, module_id) values (27, 557);
insert into authority_module_operations (operation_id, module_id) values (100, 557);
insert into authority_module_operations (operation_id, module_id) values (1, 703);
insert into authority_module_operations (operation_id, module_id) values (2, 703);
insert into authority_module_operations (operation_id, module_id) values (3, 703);
insert into authority_module_operations (operation_id, module_id) values (27, 703);
insert into authority_module_operations (operation_id, module_id) values (100, 703);
insert into authority_module_operations (operation_id, module_id) values (1, 291);
insert into authority_module_operations (operation_id, module_id) values (2, 291);
insert into authority_module_operations (operation_id, module_id) values (3, 291);
insert into authority_module_operations (operation_id, module_id) values (4, 291);
insert into authority_module_operations (operation_id, module_id) values (6, 291);
insert into authority_module_operations (operation_id, module_id) values (7, 291);
insert into authority_module_operations (operation_id, module_id) values (27, 291);
insert into authority_module_operations (operation_id, module_id) values (100, 291);
insert into authority_module_operations (operation_id, module_id) values (1, 258);
insert into authority_module_operations (operation_id, module_id) values (2, 258);
insert into authority_module_operations (operation_id, module_id) values (3, 258);
insert into authority_module_operations (operation_id, module_id) values (27, 258);
insert into authority_module_operations (operation_id, module_id) values (100, 258);
insert into authority_module_operations (operation_id, module_id) values (4, 284);
insert into authority_module_operations (operation_id, module_id) values (1, 276);
insert into authority_module_operations (operation_id, module_id) values (2, 276);
insert into authority_module_operations (operation_id, module_id) values (3, 276);
insert into authority_module_operations (operation_id, module_id) values (4, 276);
insert into authority_module_operations (operation_id, module_id) values (31, 276);
insert into authority_module_operations (operation_id, module_id) values (32, 276);
insert into authority_module_operations (operation_id, module_id) values (1, 249);
insert into authority_module_operations (operation_id, module_id) values (2, 249);
insert into authority_module_operations (operation_id, module_id) values (4, 249);
insert into authority_module_operations (operation_id, module_id) values (31, 249);
insert into authority_module_operations (operation_id, module_id) values (32, 249);
insert into authority_module_operations (operation_id, module_id) values (1, 275);
insert into authority_module_operations (operation_id, module_id) values (2, 275);
insert into authority_module_operations (operation_id, module_id) values (3, 275);
insert into authority_module_operations (operation_id, module_id) values (4, 275);
insert into authority_module_operations (operation_id, module_id) values (27, 275);
insert into authority_module_operations (operation_id, module_id) values (100, 275);
insert into authority_module_operations (operation_id, module_id) values (1, 274);
insert into authority_module_operations (operation_id, module_id) values (2, 274);
insert into authority_module_operations (operation_id, module_id) values (3, 274);
insert into authority_module_operations (operation_id, module_id) values (4, 274);
insert into authority_module_operations (operation_id, module_id) values (27, 274);
insert into authority_module_operations (operation_id, module_id) values (100, 274);
insert into authority_module_operations (operation_id, module_id) values (1, 272);
insert into authority_module_operations (operation_id, module_id) values (2, 272);
insert into authority_module_operations (operation_id, module_id) values (3, 272);
insert into authority_module_operations (operation_id, module_id) values (4, 272);
insert into authority_module_operations (operation_id, module_id) values (27, 272);
insert into authority_module_operations (operation_id, module_id) values (100, 272);
insert into authority_module_operations (operation_id, module_id) values (2, 965);
insert into authority_module_operations (operation_id, module_id) values (4, 965);
insert into authority_module_operations (operation_id, module_id) values (7, 965);
insert into authority_module_operations (operation_id, module_id) values (1, 966);
insert into authority_module_operations (operation_id, module_id) values (2, 966);
insert into authority_module_operations (operation_id, module_id) values (3, 966);
insert into authority_module_operations (operation_id, module_id) values (4, 966);
insert into authority_module_operations (operation_id, module_id) values (6, 966);
insert into authority_module_operations (operation_id, module_id) values (7, 966);
insert into authority_module_operations (operation_id, module_id) values (4, 967);
insert into authority_module_operations (operation_id, module_id) values (4, 970);
insert into authority_module_operations (operation_id, module_id) values (4, 971);
insert into authority_module_operations (operation_id, module_id) values (1, 969);
insert into authority_module_operations (operation_id, module_id) values (3, 969);
insert into authority_module_operations (operation_id, module_id) values (4, 969);
insert into authority_module_operations (operation_id, module_id) values (7, 969);
insert into authority_module_operations (operation_id, module_id) values (55, 969);
insert into authority_module_operations (operation_id, module_id) values (73, 969);
insert into authority_module_operations (operation_id, module_id) values (76, 969);
insert into authority_module_operations (operation_id, module_id) values (77, 969);
insert into authority_module_operations (operation_id, module_id) values (78, 969);
insert into authority_module_operations (operation_id, module_id) values (81, 969);
insert into authority_module_operations (operation_id, module_id) values (4, 972);
insert into authority_module_operations (operation_id, module_id) values (73, 972);
insert into authority_module_operations (operation_id, module_id) values (75, 972);
insert into authority_module_operations (operation_id, module_id) values (81, 972);
insert into authority_module_operations (operation_id, module_id) values (82, 972);
insert into authority_module_operations (operation_id, module_id) values (4, 979);
insert into authority_module_operations (operation_id, module_id) values (4, 857);
insert into authority_module_operations (operation_id, module_id) values (4, 984);
insert into authority_module_operations (operation_id, module_id) values (1, 992);
insert into authority_module_operations (operation_id, module_id) values (2, 992);
insert into authority_module_operations (operation_id, module_id) values (4, 992);
insert into authority_module_operations (operation_id, module_id) values (27, 992);
insert into authority_module_operations (operation_id, module_id) values (100, 992);
insert into authority_module_operations (operation_id, module_id) values (1, 993);
insert into authority_module_operations (operation_id, module_id) values (2, 993);
insert into authority_module_operations (operation_id, module_id) values (4, 993);
insert into authority_module_operations (operation_id, module_id) values (27, 993);
insert into authority_module_operations (operation_id, module_id) values (100, 993);
insert into authority_module_operations (operation_id, module_id) values (1, 994);
insert into authority_module_operations (operation_id, module_id) values (2, 994);
insert into authority_module_operations (operation_id, module_id) values (3, 994);
insert into authority_module_operations (operation_id, module_id) values (4, 994);
insert into authority_module_operations (operation_id, module_id) values (6, 994);
insert into authority_module_operations (operation_id, module_id) values (31, 994);
insert into authority_module_operations (operation_id, module_id) values (32, 994);
insert into authority_module_operations (operation_id, module_id) values (4, 995);
insert into authority_module_operations (operation_id, module_id) values (1, 997);
insert into authority_module_operations (operation_id, module_id) values (3, 997);
insert into authority_module_operations (operation_id, module_id) values (4, 997);
insert into authority_module_operations (operation_id, module_id) values (7, 997);
insert into authority_module_operations (operation_id, module_id) values (31, 997);
insert into authority_module_operations (operation_id, module_id) values (32, 997);
insert into authority_module_operations (operation_id, module_id) values (4, 998);
insert into authority_module_operations (operation_id, module_id) values (4, 634);
insert into authority_module_operations (operation_id, module_id) values (1, 307);
insert into authority_module_operations (operation_id, module_id) values (3, 307);
insert into authority_module_operations (operation_id, module_id) values (4, 307);
insert into authority_module_operations (operation_id, module_id) values (7, 307);
insert into authority_module_operations (operation_id, module_id) values (10, 307);
insert into authority_module_operations (operation_id, module_id) values (18, 307);
insert into authority_module_operations (operation_id, module_id) values (20, 307);
insert into authority_module_operations (operation_id, module_id) values (40, 307);
insert into authority_module_operations (operation_id, module_id) values (43, 307);
insert into authority_module_operations (operation_id, module_id) values (55, 307);
insert into authority_module_operations (operation_id, module_id) values (77, 307);
insert into authority_module_operations (operation_id, module_id) values (78, 307);
insert into authority_module_operations (operation_id, module_id) values (81, 307);
insert into authority_module_operations (operation_id, module_id) values (1, 573);
insert into authority_module_operations (operation_id, module_id) values (2, 573);
insert into authority_module_operations (operation_id, module_id) values (3, 573);
insert into authority_module_operations (operation_id, module_id) values (4, 573);
insert into authority_module_operations (operation_id, module_id) values (5, 573);
insert into authority_module_operations (operation_id, module_id) values (6, 573);
insert into authority_module_operations (operation_id, module_id) values (7, 573);
insert into authority_module_operations (operation_id, module_id) values (8, 573);
insert into authority_module_operations (operation_id, module_id) values (9, 573);
insert into authority_module_operations (operation_id, module_id) values (10, 573);
insert into authority_module_operations (operation_id, module_id) values (20, 573);
insert into authority_module_operations (operation_id, module_id) values (31, 573);
insert into authority_module_operations (operation_id, module_id) values (32, 573);
insert into authority_module_operations (operation_id, module_id) values (105, 573);
insert into authority_module_operations (operation_id, module_id) values (1, 303);
insert into authority_module_operations (operation_id, module_id) values (3, 303);
insert into authority_module_operations (operation_id, module_id) values (4, 303);
insert into authority_module_operations (operation_id, module_id) values (20, 303);
insert into authority_module_operations (operation_id, module_id) values (55, 303);
insert into authority_module_operations (operation_id, module_id) values (72, 303);
insert into authority_module_operations (operation_id, module_id) values (73, 303);
insert into authority_module_operations (operation_id, module_id) values (77, 303);
insert into authority_module_operations (operation_id, module_id) values (78, 303);
insert into authority_module_operations (operation_id, module_id) values (80, 303);
insert into authority_module_operations (operation_id, module_id) values (81, 303);
insert into authority_module_operations (operation_id, module_id) values (4, 1013);
insert into authority_module_operations (operation_id, module_id) values (4, 558);
insert into authority_module_operations (operation_id, module_id) values (1, 322);
insert into authority_module_operations (operation_id, module_id) values (3, 322);
insert into authority_module_operations (operation_id, module_id) values (4, 322);
insert into authority_module_operations (operation_id, module_id) values (7, 322);
insert into authority_module_operations (operation_id, module_id) values (20, 322);
insert into authority_module_operations (operation_id, module_id) values (55, 322);
insert into authority_module_operations (operation_id, module_id) values (73, 322);
insert into authority_module_operations (operation_id, module_id) values (75, 322);
insert into authority_module_operations (operation_id, module_id) values (77, 322);
insert into authority_module_operations (operation_id, module_id) values (78, 322);
insert into authority_module_operations (operation_id, module_id) values (81, 322);
insert into authority_module_operations (operation_id, module_id) values (4, 1026);
insert into authority_module_operations (operation_id, module_id) values (27, 696);
insert into authority_module_operations (operation_id, module_id) values (100, 696);
insert into authority_module_operations (operation_id, module_id) values (4, 1032);
insert into authority_module_operations (operation_id, module_id) values (4, 640);
insert into authority_module_operations (operation_id, module_id) values (75, 640);
insert into authority_module_operations (operation_id, module_id) values (81, 640);
insert into authority_module_operations (operation_id, module_id) values (82, 640);
insert into authority_module_operations (operation_id, module_id) values (4, 1069);
insert into authority_module_operations (operation_id, module_id) values (4, 1039);
insert into authority_module_operations (operation_id, module_id) values (4, 858);
insert into authority_module_operations (operation_id, module_id) values (7, 858);
insert into authority_module_operations (operation_id, module_id) values (31, 858);
insert into authority_module_operations (operation_id, module_id) values (32, 858);
insert into authority_module_operations (operation_id, module_id) values (4, 1088);
insert into authority_module_operations (operation_id, module_id) values (6, 1088);
insert into authority_module_operations (operation_id, module_id) values (4, 305);
insert into authority_module_operations (operation_id, module_id) values (4, 1112);
insert into authority_module_operations (operation_id, module_id) values (4, 671);
insert into authority_module_operations (operation_id, module_id) values (4, 693);
insert into authority_module_operations (operation_id, module_id) values (1, 644);
insert into authority_module_operations (operation_id, module_id) values (4, 644);
insert into authority_module_operations (operation_id, module_id) values (7, 644);
insert into authority_module_operations (operation_id, module_id) values (27, 644);
insert into authority_module_operations (operation_id, module_id) values (100, 644);
insert into authority_module_operations (operation_id, module_id) values (1, 268);
insert into authority_module_operations (operation_id, module_id) values (2, 268);
insert into authority_module_operations (operation_id, module_id) values (3, 268);
insert into authority_module_operations (operation_id, module_id) values (4, 268);
insert into authority_module_operations (operation_id, module_id) values (1, 267);
insert into authority_module_operations (operation_id, module_id) values (2, 267);
insert into authority_module_operations (operation_id, module_id) values (3, 267);
insert into authority_module_operations (operation_id, module_id) values (4, 267);
insert into authority_module_operations (operation_id, module_id) values (4, 1152);
insert into authority_module_operations (operation_id, module_id) values (4, 1153);
insert into authority_module_operations (operation_id, module_id) values (4, 577);
insert into authority_module_operations (operation_id, module_id) values (20, 577);
insert into authority_module_operations (operation_id, module_id) values (73, 577);
insert into authority_module_operations (operation_id, module_id) values (81, 577);
insert into authority_module_operations (operation_id, module_id) values (82, 577);
insert into authority_module_operations (operation_id, module_id) values (101, 577);
insert into authority_module_operations (operation_id, module_id) values (4, 1170);
insert into authority_module_operations (operation_id, module_id) values (4, 1184);
insert into authority_module_operations (operation_id, module_id) values (4, 1185);
insert into authority_module_operations (operation_id, module_id) values (4, 1186);
insert into authority_module_operations (operation_id, module_id) values (4, 1257);
insert into authority_module_operations (operation_id, module_id) values (1, 1251);
insert into authority_module_operations (operation_id, module_id) values (3, 1251);
insert into authority_module_operations (operation_id, module_id) values (4, 1251);
insert into authority_module_operations (operation_id, module_id) values (6, 1251);
insert into authority_module_operations (operation_id, module_id) values (7, 1251);
insert into authority_module_operations (operation_id, module_id) values (8, 1251);
insert into authority_module_operations (operation_id, module_id) values (4, 1252);
insert into authority_module_operations (operation_id, module_id) values (4, 1253);
insert into authority_module_operations (operation_id, module_id) values (1, 1254);
insert into authority_module_operations (operation_id, module_id) values (3, 1254);
insert into authority_module_operations (operation_id, module_id) values (4, 1254);
insert into authority_module_operations (operation_id, module_id) values (6, 1254);
insert into authority_module_operations (operation_id, module_id) values (7, 1254);
insert into authority_module_operations (operation_id, module_id) values (18, 1254);
insert into authority_module_operations (operation_id, module_id) values (1, 1258);
insert into authority_module_operations (operation_id, module_id) values (3, 1258);
insert into authority_module_operations (operation_id, module_id) values (4, 1258);
insert into authority_module_operations (operation_id, module_id) values (7, 1258);
insert into authority_module_operations (operation_id, module_id) values (4, 1259);
insert into authority_module_operations (operation_id, module_id) values (1, 1261);
insert into authority_module_operations (operation_id, module_id) values (2, 1261);
insert into authority_module_operations (operation_id, module_id) values (3, 1261);
insert into authority_module_operations (operation_id, module_id) values (4, 1261);
insert into authority_module_operations (operation_id, module_id) values (6, 1261);
insert into authority_module_operations (operation_id, module_id) values (7, 1261);
insert into authority_module_operations (operation_id, module_id) values (4, 1262);
insert into authority_module_operations (operation_id, module_id) values (31, 1262);
insert into authority_module_operations (operation_id, module_id) values (32, 1262);
insert into authority_module_operations (operation_id, module_id) values (4, 1263);
insert into authority_module_operations (operation_id, module_id) values (4, 1265);
insert into authority_module_operations (operation_id, module_id) values (1, 1266);
insert into authority_module_operations (operation_id, module_id) values (3, 1266);
insert into authority_module_operations (operation_id, module_id) values (4, 1266);
insert into authority_module_operations (operation_id, module_id) values (6, 1266);
insert into authority_module_operations (operation_id, module_id) values (7, 1266);
insert into authority_module_operations (operation_id, module_id) values (1, 1267);
insert into authority_module_operations (operation_id, module_id) values (3, 1267);
insert into authority_module_operations (operation_id, module_id) values (4, 1267);
insert into authority_module_operations (operation_id, module_id) values (7, 1267);
insert into authority_module_operations (operation_id, module_id) values (1, 1268);
insert into authority_module_operations (operation_id, module_id) values (3, 1268);
insert into authority_module_operations (operation_id, module_id) values (4, 1268);
insert into authority_module_operations (operation_id, module_id) values (7, 1268);
insert into authority_module_operations (operation_id, module_id) values (18, 1268);
insert into authority_module_operations (operation_id, module_id) values (1, 1271);
insert into authority_module_operations (operation_id, module_id) values (2, 1271);
insert into authority_module_operations (operation_id, module_id) values (3, 1271);
insert into authority_module_operations (operation_id, module_id) values (4, 1271);
insert into authority_module_operations (operation_id, module_id) values (6, 1271);
insert into authority_module_operations (operation_id, module_id) values (7, 1271);
insert into authority_module_operations (operation_id, module_id) values (1, 1270);
insert into authority_module_operations (operation_id, module_id) values (2, 1270);
insert into authority_module_operations (operation_id, module_id) values (3, 1270);
insert into authority_module_operations (operation_id, module_id) values (4, 1270);
insert into authority_module_operations (operation_id, module_id) values (6, 1270);
insert into authority_module_operations (operation_id, module_id) values (7, 1270);
insert into authority_module_operations (operation_id, module_id) values (1, 1269);
insert into authority_module_operations (operation_id, module_id) values (2, 1269);
insert into authority_module_operations (operation_id, module_id) values (3, 1269);
insert into authority_module_operations (operation_id, module_id) values (4, 1269);
insert into authority_module_operations (operation_id, module_id) values (6, 1269);
insert into authority_module_operations (operation_id, module_id) values (7, 1269);
insert into authority_module_operations (operation_id, module_id) values (1, 1255);
insert into authority_module_operations (operation_id, module_id) values (2, 1255);
insert into authority_module_operations (operation_id, module_id) values (3, 1255);
insert into authority_module_operations (operation_id, module_id) values (4, 1255);
insert into authority_module_operations (operation_id, module_id) values (6, 1255);
insert into authority_module_operations (operation_id, module_id) values (7, 1255);
insert into authority_module_operations (operation_id, module_id) values (8, 1255);
insert into authority_module_operations (operation_id, module_id) values (4, 350);
insert into authority_module_operations (operation_id, module_id) values (1, 1250);
insert into authority_module_operations (operation_id, module_id) values (3, 1250);
insert into authority_module_operations (operation_id, module_id) values (7, 1250);
insert into authority_module_operations (operation_id, module_id) values (31, 1250);
insert into authority_module_operations (operation_id, module_id) values (32, 1250);
insert into authority_module_operations (operation_id, module_id) values (1, 315);
insert into authority_module_operations (operation_id, module_id) values (3, 315);
insert into authority_module_operations (operation_id, module_id) values (4, 315);
insert into authority_module_operations (operation_id, module_id) values (7, 315);
insert into authority_module_operations (operation_id, module_id) values (20, 315);
insert into authority_module_operations (operation_id, module_id) values (55, 315);
insert into authority_module_operations (operation_id, module_id) values (73, 315);
insert into authority_module_operations (operation_id, module_id) values (74, 315);
insert into authority_module_operations (operation_id, module_id) values (77, 315);
insert into authority_module_operations (operation_id, module_id) values (78, 315);
insert into authority_module_operations (operation_id, module_id) values (79, 315);
insert into authority_module_operations (operation_id, module_id) values (80, 315);
insert into authority_module_operations (operation_id, module_id) values (1, 999);
insert into authority_module_operations (operation_id, module_id) values (3, 999);
insert into authority_module_operations (operation_id, module_id) values (4, 999);
insert into authority_module_operations (operation_id, module_id) values (7, 999);
insert into authority_module_operations (operation_id, module_id) values (55, 999);
insert into authority_module_operations (operation_id, module_id) values (73, 999);
insert into authority_module_operations (operation_id, module_id) values (74, 999);
insert into authority_module_operations (operation_id, module_id) values (77, 999);
insert into authority_module_operations (operation_id, module_id) values (78, 999);
insert into authority_module_operations (operation_id, module_id) values (79, 999);
insert into authority_module_operations (operation_id, module_id) values (80, 999);
insert into authority_module_operations (operation_id, module_id) values (3, 5005);
insert into authority_module_operations (operation_id, module_id) values (4, 5005);
insert into authority_module_operations (operation_id, module_id) values (6, 5005);
insert into authority_module_operations (operation_id, module_id) values (4, 5006);
insert into authority_module_operations (operation_id, module_id) values (4, 5007);
insert into authority_module_operations (operation_id, module_id) values (4, 5008);
insert into authority_module_operations (operation_id, module_id) values (1, 587);
insert into authority_module_operations (operation_id, module_id) values (3, 587);
insert into authority_module_operations (operation_id, module_id) values (4, 587);
insert into authority_module_operations (operation_id, module_id) values (7, 587);
insert into authority_module_operations (operation_id, module_id) values (18, 587);
insert into authority_module_operations (operation_id, module_id) values (20, 587);
insert into authority_module_operations (operation_id, module_id) values (55, 587);
insert into authority_module_operations (operation_id, module_id) values (73, 587);
insert into authority_module_operations (operation_id, module_id) values (77, 587);
insert into authority_module_operations (operation_id, module_id) values (80, 587);
insert into authority_module_operations (operation_id, module_id) values (81, 587);
insert into authority_module_operations (operation_id, module_id) values (4, 1003);
insert into authority_module_operations (operation_id, module_id) values (7, 1003);
insert into authority_module_operations (operation_id, module_id) values (132, 1003);
insert into authority_module_operations (operation_id, module_id) values (133, 1003);
insert into authority_module_operations (operation_id, module_id) values (1, 637);
insert into authority_module_operations (operation_id, module_id) values (3, 637);
insert into authority_module_operations (operation_id, module_id) values (4, 637);
insert into authority_module_operations (operation_id, module_id) values (7, 637);
insert into authority_module_operations (operation_id, module_id) values (1, 816);
insert into authority_module_operations (operation_id, module_id) values (3, 816);
insert into authority_module_operations (operation_id, module_id) values (4, 816);
insert into authority_module_operations (operation_id, module_id) values (6, 816);
insert into authority_module_operations (operation_id, module_id) values (4, 664);
insert into authority_module_operations (operation_id, module_id) values (4, 343);
insert into authority_module_operations (operation_id, module_id) values (6, 343);
insert into authority_module_operations (operation_id, module_id) values (7, 343);
insert into authority_module_operations (operation_id, module_id) values (55, 343);
insert into authority_module_operations (operation_id, module_id) values (103, 343);
insert into authority_module_operations (operation_id, module_id) values (132, 343);
insert into authority_module_operations (operation_id, module_id) values (133, 343);
insert into authority_module_operations (operation_id, module_id) values (4, 262);
insert into authority_module_operations (operation_id, module_id) values (6, 262);
insert into authority_module_operations (operation_id, module_id) values (7, 262);
insert into authority_module_operations (operation_id, module_id) values (98, 262);
insert into authority_module_operations (operation_id, module_id) values (132, 262);
insert into authority_module_operations (operation_id, module_id) values (133, 262);
insert into authority_module_operations (operation_id, module_id) values (1, 296);
insert into authority_module_operations (operation_id, module_id) values (3, 296);
insert into authority_module_operations (operation_id, module_id) values (4, 296);
insert into authority_module_operations (operation_id, module_id) values (6, 296);
insert into authority_module_operations (operation_id, module_id) values (7, 296);
insert into authority_module_operations (operation_id, module_id) values (4, 259);
insert into authority_module_operations (operation_id, module_id) values (7, 259);
insert into authority_module_operations (operation_id, module_id) values (27, 259);
insert into authority_module_operations (operation_id, module_id) values (100, 259);
insert into authority_module_operations (operation_id, module_id) values (132, 259);
insert into authority_module_operations (operation_id, module_id) values (133, 259);
insert into authority_module_operations (operation_id, module_id) values (4, 260);
insert into authority_module_operations (operation_id, module_id) values (7, 260);
insert into authority_module_operations (operation_id, module_id) values (27, 260);
insert into authority_module_operations (operation_id, module_id) values (100, 260);
insert into authority_module_operations (operation_id, module_id) values (132, 260);
insert into authority_module_operations (operation_id, module_id) values (133, 260);
insert into authority_module_operations (operation_id, module_id) values (4, 292);
insert into authority_module_operations (operation_id, module_id) values (7, 292);
insert into authority_module_operations (operation_id, module_id) values (27, 292);
insert into authority_module_operations (operation_id, module_id) values (100, 292);
insert into authority_module_operations (operation_id, module_id) values (132, 292);
insert into authority_module_operations (operation_id, module_id) values (133, 292);
insert into authority_module_operations (operation_id, module_id) values (4, 565);
insert into authority_module_operations (operation_id, module_id) values (6, 565);
insert into authority_module_operations (operation_id, module_id) values (7, 565);
insert into authority_module_operations (operation_id, module_id) values (8, 565);
insert into authority_module_operations (operation_id, module_id) values (132, 565);
insert into authority_module_operations (operation_id, module_id) values (133, 565);
insert into authority_module_operations (operation_id, module_id) values (1, 293);
insert into authority_module_operations (operation_id, module_id) values (2, 293);
insert into authority_module_operations (operation_id, module_id) values (3, 293);
insert into authority_module_operations (operation_id, module_id) values (4, 293);
insert into authority_module_operations (operation_id, module_id) values (8, 293);
insert into authority_module_operations (operation_id, module_id) values (1, 583);
insert into authority_module_operations (operation_id, module_id) values (2, 583);
insert into authority_module_operations (operation_id, module_id) values (3, 583);
insert into authority_module_operations (operation_id, module_id) values (4, 583);
insert into authority_module_operations (operation_id, module_id) values (6, 583);
insert into authority_module_operations (operation_id, module_id) values (27, 583);
insert into authority_module_operations (operation_id, module_id) values (100, 583);
insert into authority_module_operations (operation_id, module_id) values (1, 567);
insert into authority_module_operations (operation_id, module_id) values (3, 567);
insert into authority_module_operations (operation_id, module_id) values (4, 567);
insert into authority_module_operations (operation_id, module_id) values (7, 567);
insert into authority_module_operations (operation_id, module_id) values (13, 567);
insert into authority_module_operations (operation_id, module_id) values (40, 567);
insert into authority_module_operations (operation_id, module_id) values (43, 567);
insert into authority_module_operations (operation_id, module_id) values (73, 567);
insert into authority_module_operations (operation_id, module_id) values (81, 567);
insert into authority_module_operations (operation_id, module_id) values (92, 567);
insert into authority_module_operations (operation_id, module_id) values (93, 567);
insert into authority_module_operations (operation_id, module_id) values (94, 567);
insert into authority_module_operations (operation_id, module_id) values (1, 568);
insert into authority_module_operations (operation_id, module_id) values (3, 568);
insert into authority_module_operations (operation_id, module_id) values (4, 568);
insert into authority_module_operations (operation_id, module_id) values (7, 568);
insert into authority_module_operations (operation_id, module_id) values (31, 568);
insert into authority_module_operations (operation_id, module_id) values (32, 568);
insert into authority_module_operations (operation_id, module_id) values (40, 568);
insert into authority_module_operations (operation_id, module_id) values (43, 568);
insert into authority_module_operations (operation_id, module_id) values (47, 568);
insert into authority_module_operations (operation_id, module_id) values (95, 568);
insert into authority_module_operations (operation_id, module_id) values (1, 566);
insert into authority_module_operations (operation_id, module_id) values (3, 566);
insert into authority_module_operations (operation_id, module_id) values (7, 566);
insert into authority_module_operations (operation_id, module_id) values (13, 566);
insert into authority_module_operations (operation_id, module_id) values (40, 566);
insert into authority_module_operations (operation_id, module_id) values (43, 566);
insert into authority_module_operations (operation_id, module_id) values (73, 566);
insert into authority_module_operations (operation_id, module_id) values (81, 566);
insert into authority_module_operations (operation_id, module_id) values (92, 566);
insert into authority_module_operations (operation_id, module_id) values (96, 566);
insert into authority_module_operations (operation_id, module_id) values (97, 566);
insert into authority_module_operations (operation_id, module_id) values (1, 255);
insert into authority_module_operations (operation_id, module_id) values (3, 255);
insert into authority_module_operations (operation_id, module_id) values (4, 255);
insert into authority_module_operations (operation_id, module_id) values (7, 255);
insert into authority_module_operations (operation_id, module_id) values (132, 255);
insert into authority_module_operations (operation_id, module_id) values (133, 255);
insert into authority_module_operations (operation_id, module_id) values (4, 973);
insert into authority_module_operations (operation_id, module_id) values (7, 973);
insert into authority_module_operations (operation_id, module_id) values (55, 973);
insert into authority_module_operations (operation_id, module_id) values (132, 973);
insert into authority_module_operations (operation_id, module_id) values (133, 973);
insert into authority_module_operations (operation_id, module_id) values (4, 1157);
insert into authority_module_operations (operation_id, module_id) values (7, 1023);
insert into authority_module_operations (operation_id, module_id) values (132, 1023);
insert into authority_module_operations (operation_id, module_id) values (133, 1023);
insert into authority_module_operations (operation_id, module_id) values (1, 1117);
insert into authority_module_operations (operation_id, module_id) values (2, 1117);
insert into authority_module_operations (operation_id, module_id) values (3, 1117);
insert into authority_module_operations (operation_id, module_id) values (6, 1117);
insert into authority_module_operations (operation_id, module_id) values (7, 1117);
insert into authority_module_operations (operation_id, module_id) values (132, 1117);
insert into authority_module_operations (operation_id, module_id) values (133, 1117);
insert into authority_module_operations (operation_id, module_id) values (4, 5027);
insert into authority_module_operations (operation_id, module_id) values (1, 5028);
insert into authority_module_operations (operation_id, module_id) values (2, 5028);
insert into authority_module_operations (operation_id, module_id) values (3, 5028);
insert into authority_module_operations (operation_id, module_id) values (4, 5028);
insert into authority_module_operations (operation_id, module_id) values (6, 5028);
insert into authority_module_operations (operation_id, module_id) values (7, 5028);
insert into authority_module_operations (operation_id, module_id) values (4, 333);
insert into authority_module_operations (operation_id, module_id) values (20, 333);
insert into authority_module_operations (operation_id, module_id) values (4, 996);
insert into authority_module_operations (operation_id, module_id) values (4, 327);
insert into authority_module_operations (operation_id, module_id) values (4, 5031);
insert into authority_module_operations (operation_id, module_id) values (4, 5032);
insert into authority_module_operations (operation_id, module_id) values (1, 815);
insert into authority_module_operations (operation_id, module_id) values (2, 815);
insert into authority_module_operations (operation_id, module_id) values (3, 815);
insert into authority_module_operations (operation_id, module_id) values (4, 815);
insert into authority_module_operations (operation_id, module_id) values (7, 815);
insert into authority_module_operations (operation_id, module_id) values (10, 815);
insert into authority_module_operations (operation_id, module_id) values (18, 815);
insert into authority_module_operations (operation_id, module_id) values (31, 815);
insert into authority_module_operations (operation_id, module_id) values (40, 815);
insert into authority_module_operations (operation_id, module_id) values (43, 815);
insert into authority_module_operations (operation_id, module_id) values (47, 815);
insert into authority_module_operations (operation_id, module_id) values (4, 1260);
insert into authority_module_operations (operation_id, module_id) values (137, 1260);
insert into authority_module_operations (operation_id, module_id) values (138, 1260);
insert into authority_module_operations (operation_id, module_id) values (139, 1260);
insert into authority_module_operations (operation_id, module_id) values (140, 1260);
insert into authority_module_operations (operation_id, module_id) values (148, 1260);
insert into authority_module_operations (operation_id, module_id) values (149, 1260);
insert into authority_module_operations (operation_id, module_id) values (1, 277);
insert into authority_module_operations (operation_id, module_id) values (3, 277);
insert into authority_module_operations (operation_id, module_id) values (4, 277);
insert into authority_module_operations (operation_id, module_id) values (6, 277);
insert into authority_module_operations (operation_id, module_id) values (7, 277);
insert into authority_module_operations (operation_id, module_id) values (10, 277);
insert into authority_module_operations (operation_id, module_id) values (18, 277);
insert into authority_module_operations (operation_id, module_id) values (20, 277);
insert into authority_module_operations (operation_id, module_id) values (31, 277);
insert into authority_module_operations (operation_id, module_id) values (32, 277);
insert into authority_module_operations (operation_id, module_id) values (78, 277);
insert into authority_module_operations (operation_id, module_id) values (104, 277);
insert into authority_module_operations (operation_id, module_id) values (1, 288);
insert into authority_module_operations (operation_id, module_id) values (3, 288);
insert into authority_module_operations (operation_id, module_id) values (4, 288);
insert into authority_module_operations (operation_id, module_id) values (20, 288);
insert into authority_module_operations (operation_id, module_id) values (55, 288);
insert into authority_module_operations (operation_id, module_id) values (73, 288);
insert into authority_module_operations (operation_id, module_id) values (74, 288);
insert into authority_module_operations (operation_id, module_id) values (77, 288);
insert into authority_module_operations (operation_id, module_id) values (79, 288);
insert into authority_module_operations (operation_id, module_id) values (80, 288);
insert into authority_module_operations (operation_id, module_id) values (81, 288);
insert into authority_module_operations (operation_id, module_id) values (82, 288);
insert into authority_module_operations (operation_id, module_id) values (90, 288);
insert into authority_module_operations (operation_id, module_id) values (102, 288);
insert into authority_module_operations (operation_id, module_id) values (151, 288);
insert into authority_module_operations (operation_id, module_id) values (4, 299);
insert into authority_module_operations (operation_id, module_id) values (139, 299);
insert into authority_module_operations (operation_id, module_id) values (4, 5026);
insert into authority_module_operations (operation_id, module_id) values (137, 5026);
insert into authority_module_operations (operation_id, module_id) values (139, 5026);
insert into authority_module_operations (operation_id, module_id) values (152, 5026);
insert into authority_module_operations (operation_id, module_id) values (3, 5025);
insert into authority_module_operations (operation_id, module_id) values (31, 5025);
insert into authority_module_operations (operation_id, module_id) values (32, 5025);
insert into authority_module_operations (operation_id, module_id) values (4, 5023);
insert into authority_module_operations (operation_id, module_id) values (153, 5023);
insert into authority_module_operations (operation_id, module_id) values (4, 5024);
insert into authority_module_operations (operation_id, module_id) values (154, 5024);
insert into authority_module_operations (operation_id, module_id) values (4, 1264);
insert into authority_module_operations (operation_id, module_id) values (137, 1264);
insert into authority_module_operations (operation_id, module_id) values (139, 1264);
insert into authority_module_operations (operation_id, module_id) values (4, 336);
insert into authority_module_operations (operation_id, module_id) values (4, 5065);
insert into authority_module_operations (operation_id, module_id) values (6, 5065);
insert into authority_module_operations (operation_id, module_id) values (4, 978);
insert into authority_module_operations (operation_id, module_id) values (4, 5095);
insert into authority_module_operations (operation_id, module_id) values (87, 5095);
insert into authority_module_operations (operation_id, module_id) values (4, 5096);
insert into authority_module_operations (operation_id, module_id) values (4, 5097);
insert into authority_module_operations (operation_id, module_id) values (4, 5098);
insert into authority_module_operations (operation_id, module_id) values (4, 5109);
insert into authority_module_operations (operation_id, module_id) values (139, 5109);
insert into authority_module_operations (operation_id, module_id) values (87, 5110);
insert into authority_module_operations (operation_id, module_id) values (4, 5123);
insert into authority_module_operations (operation_id, module_id) values (4, 1111);
insert into authority_module_operations (operation_id, module_id) values (4, 442);
insert into authority_module_operations (operation_id, module_id) values (4, 298);
insert into authority_module_operations (operation_id, module_id) values (4, 5126);
insert into authority_module_operations (operation_id, module_id) values (4, 1256);
insert into authority_module_operations (operation_id, module_id) values (18, 1256);
insert into authority_module_operations (operation_id, module_id) values (4, 5080);
insert into authority_module_operations (operation_id, module_id) values (7, 5080);
insert into authority_module_operations (operation_id, module_id) values (55, 5080);
insert into authority_module_operations (operation_id, module_id) values (4, 5130);
insert into authority_module_operations (operation_id, module_id) values (4, 5079);
insert into authority_module_operations (operation_id, module_id) values (138, 5079);
insert into authority_module_operations (operation_id, module_id) values (139, 5079);
insert into authority_module_operations (operation_id, module_id) values (140, 5079);
insert into authority_module_operations (operation_id, module_id) values (149, 5079);
insert into authority_module_operations (operation_id, module_id) values (4, 5125);
commit;
